Почта Банк, банкомат;+7 (495) 532-13-00;;ул. Адмирала Лазарева, 35, корп. 1, Москва;pochtabank.ru;55.543 37.525;bank
Совкомбанк;+7 (495) 646-19-68, +7 (495) 777-11-11;;бул. Дмитрия Донского, 8, корп. 1, Москва;sovcombank.ru;55.567 37.574;bank
Совкомбанк;+7 (383) 334-06-06;;Каширское ш., 106, Москва;sovcombank.ru;55.611 37.716;bank
Банк Реалист;+7 (8612) 99-54-63, +7 (3952) 25-88-00, +7 (499) 968-94-23;;Москва, поселение Внуковское, улица Лётчика Ульянина, 2;realistbank.ru;55.625 37.304;bank
Почта банк;+7 (495) 646-58-14;;Новопеределкинская ул., 14, корп. А, Москва;pochtabank.ru , pochta.ru;55.642 37.365;bank
Меткомбанк;+7 (343) 310-01-11, +7 (495) 755-80-94;;Балаклавский проспект, 28в ст Б;metcom.ru;55.644 37.594;bank
Меткомбанк;+7 (3439) 37-80-00, +7 (343) 379-33-48, +7 (3439) 37-80-10;;Балаклавский просп., 28В, стр. Б, Москва;metcom.ru;55.644 37.594;bank
Акционерный Банк РОССИЯ;+7 (812) 335-85-00, +7 (812) 335-85-05, +7 (812) 325-10-19, +7 (812) 325-63-15;;проспект Вернадского, 101 к3;abr.ru;55.665 37.486;bank
Кредитка. онлайн - одобряем!;;+7 (927) 771-88-89;Профсоюзная ул., 56, Москва;creditka.online;55.670 37.552;bank
Экспобанк;+7 (495) 231-11-59, +7 (4732) 77-00-92, +7 (495) 646-92-88, +7 (4732) 77-00-18, +7 (495) 213-19-91, +7 (4732) 77-00-15, +7 (495) 228-31-31, +7 (8312) 01-32-24, +7 (495) 231-11-11;;Профсоюзная ул., 7/12, Москва;expobank.ru;55.684 37.570;bank
Банк Cервис резерв;+7 (495) 958-23-00, +7 (495) 649-34-33, +7 (495) 723-77-21, +7 (495) 775-81-75, +7 (495) 649-34-34;;ул. Орджоникидзе, 10, Москва;srbank.ru;55.710 37.594;bank
Открытие, терминал;+7 (495) 925-80-60;;Велозаводская улица, 11/1;open.ru;55.711 37.667;bank
СберБанк Первый;+7 (495) 544-45-40;;Кутузова, 11 к4;;55.723 37.411;bank
Просто банк;+7 (495) 129-71-28;;Усачёва ул., 35, стр. 1, Москва;prostobank.online;55.723 37.561;bank
Займергид займы онлайн на карту;;+7 (967) 064-40-08;Шарикоподшипниковская ул., 13, стр. 1, Москва;zaymergid.ru;55.717 37.678;bank
ВТБ капитал форекс, компания;+7 (495) 797-93-48, +7 (499) 490-66-23, +7 (495) 784-61-01;;площадь Победы, 1, корп. Б, Москва;vtbforex.ru;55.736 37.520;bank
Независимый финансовый советник Олег Гончаренко;;+7 (985) 198-58-99;Пресненская наб., 10блокС, Москва;oleg-goncharenko.com;55.747 37.537;bank
Межбанковский портал финансовых услуг;+7 (495) 175-06-48;+7 (985) 137-34-85;Пресненская наб., 12, Москва;;55.750 37.537;bank
Альфа-банк;+7 (495) 788-88-78;;Кутузовский проспект, 30/32;;55.742 37.538;bank
Банк Таврический;+7 (812) 329-55-12, +7 (495) 220-19-43;;Пресненская наб., 12, Москва;tavrich.ru;55.749 37.538;bank
Альтернатива, Дополнительный офис;+7 (495) 646-25-42, +7 (495) 223-95-10;;Кутузовский просп., 35, Москва;altbank.com;55.741 37.539;bank
Альтернатива, Дополнительный офис;;+7 (926) 889-89-52;Кутузовский просп., 27, Москва;altbank.com;55.744 37.545;bank
Hellenic Bank Public Company, представительство в г. Москве;+7 (495) 792-99-88, +7 (495) 792-99-85, +7 (495) 792-99-89;;Саввинская наб., 15, Москва;hellenicbank.com;55.735 37.566;bank
НДбанк;+7 (495) 899-36-33, +7 (495) 620-36-33;;Плющиха, 10;ndb24.ru;55.745 37.579;bank
Кремлёвский;+7 (499) 241-33-08, +7 (499) 241-47-91, +7 (499) 241-88-14, +7 (499) 241-96-31;;1-й Николощеповский пер., 6, стр. 1, Москва;kremlinbank.ru;55.749 37.581;bank
Banque cramer & cie;+7 (495) 777-08-08;;Молочный пер., 4, Москва;banquecramer.ch;55.739 37.602;bank
Кубаньторгбанк, представительство в г. Москве;+7 (495) 258-86-63;+7 (918) 019-00-55;Пятницкая улица, 55/25 ст4;bktb.ru;55.734 37.628;bank
Банк Центрокредит;+7 (495) 956-86-26, +7 (495) 780-35-40;;Старый Толмачёвский пер., 10, Москва;ccb.ru;55.740 37.631;bank
Deutsche Bank Technology Center;+7 (495) 644-11-11;;Озерковская наб., 24, стр. 3, Москва;dbtc-career.ru;55.740 37.636;bank
Солидарность, коммерческий банк;+7 (495) 663-35-57, +7 (8462) 70-41-28, +7 (8462) 70-35-06;;ул. Зацепский Вал, 5, Москва;solid.ru;55.732 37.640;bank
Банк УРАЛСИБ;+7 (495) 723-77-77;;Космодамианская наб., 52, стр. 5, Москва;uralsib.ru;55.733 37.643;bank
Экспобанк;+7 (4712) 34-10-01, +7 (471-43) 2-17-96, +7 (471-48) 5-17-68, +7 (4712) 52-13-94, +7 (471-43) 2-13-32, +7 (4862) 73-47-79, +7 (4712) 50-33-75;;Гончарная наб., 1, стр. 2, Москва;expobank.ru;55.740 37.647;bank
Генбанк, банкомат;+7 (8617) 64-57-83, +7 (8622) 90-26-58, +7 (3652) 55-02-55, +7 (8632) 99-93-33, +7 (8612) 15-11-13, +7 (499) 705-55-45, +7 (495) 777-55-45, +7 (570) 100-00-01;;Малая Андроньевская ул., 20/8с1-1А, Москва;genbank.ru;55.742 37.673;bank
Почта банк;+7 (495) 777-29-64, +7 (495) 777-48-88;;ш. Энтузиастов, 22/18, Москва;mkb.ru , pochtabank.ru;55.751 37.717;bank
Экспресс-офис;+7 (495) 737-73-73, +7 (495) 737-73-23, +7 (495) 234-98-98, +7 (495) 956-68-52;;Суздальская, 12а;corporate.avangard.ru , avangard.ru , cards.avangard.ru;55.738 37.846;bank
Промсельхозбанк, головной офис;+7 (8452) 30-30-30, +7 (495) 665-15-62, +7 (845) 356-87-23;;1-й Магистральный тупик, 11, стр. 1, Москва;pshb.ru;55.766 37.527;bank
Генреталл;+7 (495) 203-89-06;;Краснопресненская наб., 12, Москва;genretall.usluga.me;55.754 37.556;bank
Национальный банк Сбережений, отделение;+7 (495) 229-42-04, +7 (4932) 59-11-59;;Большой Предтеченский пер., 22, Москва;nbsrf.ru;55.760 37.566;bank
Химик банк, отделение;+7 (831) 326-86-09, +7 (313) 261-60-82, +7 (831) 326-16-08, +7 (831) 325-44-42;;ул. Пресненский Вал, 17, стр. 1, Москва;bankhimik.ru;55.771 37.567;bank
Норвик банк, платежный терминал;+7 (495) 604-15-14;+7 (922) 970-00-55, +7 (966) 666-59-20;Новинский бул., 20А, стр. 8, Москва;norvikbank.ru;55.755 37.586;bank
Солидарность, коммерческий банк;+7 (495) 787-77-75;;Гашека, 7 ст1;solid.ru;55.769 37.589;bank
Ситигруп Глобал Маркетс, центральный офис;+7 (495) 725-10-00;;ул. Гашека, 6, Москва;citigroup.com;55.769 37.590;bank
Все кредиты и карты;;+7 (999) 650-95-83;Россия, Москва, Красная площадь;vsekredity.com;55.753 37.623;bank
Кредит онлайн Москва;;+7 (987) 308-20-41;Россия, Москва, Красная площадь;dbankirus.ru;55.753 37.623;bank
Сзч Даа Партнер АО Альфа-Банк по работе с корпоративными клиентами;;+7 (977) 472-39-21;Россия, Москва, Красная площадь;anketa.alfabank.ru;55.753 37.623;bank
Микрозайм онлайн;;+7 (929) 507-08-52;Россия, Москва, Красная площадь;dbankirus.ru;55.753 37.623;bank
Продавай Маркет;;+7 (995) 115-33-35;Россия, Москва, Красная площадь;prodavay.market;55.753 37.623;bank
Гид по кредитам;;+7 (917) 857-34-80;Россия, Москва, Красная площадь;moskva.gidpokreditam.ru;55.753 37.623;bank
Кредитный агрегатор Кредитулька – кредиты и микрозаймы;+7 (499) 681-83-83, +7 (499) 951-91-80, +7 (495) 128-46-75;;Россия, Москва, Красная площадь;creditulka.com , moskva.creditulka.com;55.753 37.623;bank
Представительство банка Крэди Индустриэль э Коммерсиаль;;+7 (903) 669-37-15;Последний пер., 26, Москва;cic.fr;55.770 37.630;bank
Делобанк, офисы;+7 (495) 792-01-96, +7 (343) 251-42-22, +7 (343) 355-70-00;;ул. Покровка, 40, стр. 2А, Москва;delo.ru;55.761 37.653;bank
Золотая корона;+7 (383) 336-49-49, +7 (495) 960-05-55, +7 (495) 222-33-20, +7 (495) 780-50-12, +7 (495) 234-28-34, +7 (880) 055-00-50;;Свободный просп., 33А, Москва;koronapay.com;55.752 37.818;bank
БНП Париба банк, представительство;+7 (495) 228-32-23, +7 (495) 660-91-81, +7 (495) 785-60-01, +7 (495) 785-60-52, +7 (495) 660-91-82, +7 (495) 785-60-00;;Лесная ул., 5, стр. Б, Москва;bnpparibas.ru , bnpparibasbank.ru;55.778 37.587;bank
Хайс, коммерческий банк;+7 (495) 660-88-65;;Сущёвская ул., 27, стр. 2, Москва;hicebank.ru;55.783 37.600;bank
Универсальный фондовый банк;+7 (495) 232-35-17;;1-й Волконский пер., 13, Москва;ufb.ru;55.775 37.617;bank
ИТ банк ИТ банк, дополнительный офис на проспекте Мира;+7 (381) 239-28-28, +7 (381) 239-28-29, +7 (381) 239-29-39;;просп. Мира, 43, Москва;itbank.ru;55.782 37.633;bank
Банк Пойдём!;+7 (499) 300-14-28;+7 (923) 730-12-30;просп. Мира, 70, Москва;poidem.ru;55.788 37.635;bank
Кредитный брокер;;+7 (903) 100-34-81;просп. Мира, 68, стр. 1А, Москва;roszaimy.ru;55.788 37.636;bank
Быстробанк, банкомат;+7 (495) 252-08-10;;1-й Коптельский пер., 4, стр. 1, Москва;bystrobank.ru;55.773 37.638;bank
Международный банк экономического сотрудничества;+7 (495) 604-72-90, +7 (495) 604-71-33, +7 (495) 604-72-32;;улица Маши Порываевой, 11 ст Б;ibec.int;55.774 37.648;bank
Гута-Банк;+7 (495) 771-74-47, +7 (495) 620-85-00, +7 (499) 788-60-00, +7 (495) 266-90-60, +7 (495) 980-46-18, +7 (495) 771-74-44, +7 (495) 504-09-92, +7 (495) 771-74-34;;Орликов пер., 5, стр. 3, Москва;gutabank.ru;55.773 37.651;bank
Почта банк;+7 (495) 625-07-92;;Бескудниковский бул., 12, Москва;pochtabank.ru;55.862 37.563;bank
Bidv;+7 (499) 406-19-85;;Ярославское ш., 146, корп. 2, Москва;bidv.com.vn;55.879 37.729;bank
Одобрение;+7 (351) 200-20-00, +7 (495) 968-15-74;;Мясницкая ул., 40, стр. 1, Москва;odobrenie.ru;55.767 37.641;bank
Банк Открытие, банкомат;+7 (495) 224-44-00;;Чертановская ул., 1Г, Москва;open.ru;55.640 37.606;bank
Хоум Кредит банк отделение;+7 (495) 785-82-22, +7 (495) 785-82-18, +7 (495) 785-82-25;;Вешняковская ул., 20Б, Москва;homecredit.ru;55.721 37.823;bank
СберБанк, терминал;+7 (495) 500-55-50;;Центральный микрорайон, 24;sberbank.ru;55.315 37.178;bank
СберБанк;+7 (4732) 67-98-15;;ул. Мичурина, 5, село Кленово;sbrf.ru , sberbank.ru;55.326 37.349;bank
Прио-внешторгбанк;+7 (495) 840-70-80, +7 (4912) 24-49-17, +7 (491) 220-00-03, +7 (495) 840-70-90;;Школьная ул., 6А, Троицк;priovtb.com;55.476 37.303;bank
Юнистрим;+7 (717) 272-75-65, +7 (495) 744-55-55;+7 (925) 006-03-98;42Б, микрорайон В, Троицк;unistream.ru;55.487 37.306;bank
Россельхозбанк, банкомат;+7 (495) 787-77-87;;ул. Липовый Парк, 7, посёлок Коммунарка;rshb.ru;55.569 37.489;bank
Росбанк;+7 (495) 789-88-77;;бул. Дмитрия Донского, 2, корп. 1, Москва;rosbank.ru;55.570 37.576;bank
Русский Региональный банк;+7 (499) 400-41-40, +7 (495) 122-01-22;;Москва, поселение Сосенское, Калужское шоссе, 24-й километр, 1, стр. 1;rrb.ru , rrbank.ru;55.585 37.474;bank
СберБанк, банкомат;+7 (495) 957-58-62;;Варшавское ш., 160, Москва;sberbank.ru;55.583 37.595;bank
Раунд;+7 (4725) 39-05-19, +7 (495) 980-19-24;;2-я Рейсовая ул., 2, корп. 5, посёлок Внуково;round.ru;55.606 37.286;bank
МС банк Рус Операционная касса № 40;+7 (495) 287-04-79, +7 (495) 129-08-19, +7 (495) 287-04-80, +7 (495) 950-21-90, +7 (499) 230-34-12;;МКАД, 40-й километр, 1, стр. 2, Москва;mcbankrus.ru , finombudsman.ru;55.598 37.504;bank
Московский кредитный банк;+7 (495) 797-42-11, +7 (495) 540-70-09, +7 (495) 988-14-44, +7 (495) 797-42-34, +7 (495) 797-42-42, +7 (495) 741-08-10;;Новоясеневский просп., 32, корп. 1, Москва;mkb.ru;55.604 37.539;bank
Кредит всегда;+7 (3422) 59-00-26, +7 (343) 351-05-00, +7 (3452) 55-01-51, +7 (3472) 92-06-61, +7 (3512) 47-90-05, +7 (3832) 49-23-04, +7 (3912) 29-81-16, +7 (4732) 61-86-92, +7 (4852) 66-01-37, +7 (495) 775-77-57;+7 (903) 100-87-82, +7 (910) 492-81-57;Кировоградская ул., 15, Москва;;55.610 37.605;bank
Банк ВТБ, Дополнительный офис;+7 (495) 777-24-24;;ул. Академика Янгеля, 2, Москва;vtb.ru;55.596 37.600;bank
Фора-Банк;+7 (499) 245-62-48, +7 (495) 775-65-55;+7 (925) 775-65-55;ул. Красного Маяка, 2Б, Москва;forabank.ru;55.611 37.608;bank
Банк ВТБ;+7 (495) 775-54-54;;Ореховый бул., 13, Москва;vtb.ru;55.612 37.720;bank
ЭНЕРГОТРАНСБАНК, Касса обмена валют;+7 (499) 649-42-40;;Новоясеневский просп., 1, Москва;energotransbank.com;55.620 37.510;bank
Нацинвестпромбанк;+7 (495) 276-22-86, +7 (495) 786-21-52, +7 (495) 786-21-51;;Варшавское шоссе, 132 ст9;nipbank.ru , cbr.ru;55.621 37.610;bank
Альфа-Банк;+7 (495) 620-91-91, +7 (495) 795-37-18, +7 (495) 795-36-48;;Луганская ул., 10, Москва;alfabank.ru;55.622 37.668;bank
Банк Авангард;;+7 (916) 277-77-11;Бесединское ш., вл15, Москва;corporate.avangard.ru , avangard.ru , cards.avangard.ru;55.625 37.760;bank
Авангард, акционерный коммерческий банк;+7 (495) 234-23-24;;Боровское ш., 35, Москва;corporate.avangard.ru , avangard.ru , cards.avangard.ru;55.641 37.360;bank
СМП Банк;+7 (495) 981-81-81, +7 (495) 988-41-40;;Москва, поселение Московский, Киевское шоссе, 22-й километр, дв4с1кА;smpbank.ru;55.634 37.439;bank
Интерпрогрессбанк;+7 (812) 382-11-22, +7 (495) 411-00-00;;Ленинский просп., 158, стр. 3, Москва;ipb.ru;55.651 37.483;bank
НС банк, банкомат;+7 (495) 276-11-01, +7 (495) 911-09-78;;ул. Островитянова, 7, Москва;nsbank.ru;55.644 37.495;bank
Нс банк, банкомат;+7 (495) 662-53-53;;Азовская ул., 24, корп. 2, Москва;nsbank.ru;55.652 37.596;bank
Абсолют банк, Марьинское отделение;+7 (495) 777-71-75, +7 (495) 734-97-51, +7 (495) 777-71-71;;Люблинская улица, 165 к1;absolutbank.ru;55.650 37.746;bank
Ренессанс Кредит;+7 (495) 662-31-85, +7 (495) 783-46-23;;Люблинская ул., 175, Москва;rencredit.ru;55.646 37.747;bank
Банк Авангард;+7 (4742) 25-55-22;;Ключевая ул., 6, корп. 1, Москва;corporate.avangard.ru , avangard.ru , cards.avangard.ru;55.638 37.757;bank
Райффайзенбанк;+7 (812) 334-43-43, +7 (495) 721-91-00, +7 (495) 721-99-01, +7 (495) 777-17-17, +7 (495) 721-99-00, +7 (495) 777-99-98;;ул. Богданова, 6, Москва;raiffeisen-capital.ru , raif-partners.ru , raiffeisen.ru;55.659 37.410;bank
Автоторгбанк;+7 (499) 136-51-15, +7 (495) 730-51-15, +7 (495) 213-18-33, +7 (495) 937-51-15;;МКАД, 47-й километр, вл1, Москва;avtotorgbank.ru , atbbank.ru;55.653 37.442;bank
Фольксваген Банк Рус, представительство в России;+7 (495) 775-75-57;;улица Обручева, 30 ст2;volkswagen-bank.ru;55.656 37.526;bank
Авангард, Экспресс-офис;+7 (495) 737-18-27;;Профсоюзная ул., 56, Москва;corporate.avangard.ru , avangard.ru , cards.avangard.ru;55.670 37.553;bank
Дополнительный офис № 8487 Филиала Московский УБРиР;+7 (343) 264-46-44, +7 (343) 229-70-07, +7 (343) 376-49-50, +7 (343) 311-86-00, +7 (343) 229-78-77, +7 (343) 264-72-07, +7 (343) 229-78-05;;Профсоюзная ул., 56, Москва;ubrr.ru;55.670 37.553;bank
Ишбанк, банкомат;+7 (495) 961-11-77, +7 (495) 232-12-34;;ул. Намёткина, 13Д, Москва;isbank.com.ru;55.662 37.556;bank
Банк ДОМ.РФ;+7 (495) 775-57-40, +7 (495) 775-55-44, +7 (495) 775-70-95, +7 (495) 775-86-86;;Новочерёмушкинская ул., 61, Москва;domrfbank.ru;55.669 37.566;bank
Инвестторгбанк;+7 (495) 777-41-50, +7 (495) 933-54-17;;ул. Перерва, 39, Москва;itb.ru , tkbbank.ru;55.659 37.746;bank
Кредит Европа банк;+7 (495) 784-65-17;;ул. Перерва, 49, Москва;;55.661 37.749;bank
МТИ банк;+7 (495) 442-30-83, +7 (499) 238-04-14, +7 (495) 739-88-41, +7 (495) 989-66-21, +7 (495) 739-88-00, +7 (495) 989-23-47;;Очаковское ш., 32, Москва;intercom-audit.ru , mti-bank.ru;55.686 37.438;bank
Алеф-банк, акционерный коммерческий банк;+7 (495) 411-77-47, +7 (495) 411-77-48;;просп. Вернадского, 41, Москва;alefbank.ru;55.675 37.503;bank
Промсвязьбанк;+7 (495) 787-33-33;;просп. Вернадского, 37, корп. 1Б, Москва;psbank.ru;55.678 37.510;bank
Кредит Европа Банк;+7 (495) 981-38-02;;Ленинский просп., 75/9, Москва;;55.687 37.545;bank
Банк Союз;+7 (495) 729-55-55;;ул. Кедрова, 12/7, Москва;banksoyuz.ru;55.684 37.571;bank
Банк Авангард;+7 (495) 937-62-44;;Варшавское ш., 26, стр. 10, Москва;corporate.avangard.ru , avangard.ru;55.686 37.622;bank
Хатон.ру, кредитный брокер;+7 (495) 108-55-12, +7 (495) 190-77-45, +7 (495) 118-25-01;;Варшавское ш., 42, Москва;haton.ru;55.675 37.625;bank
Банк ЦентроКредит;+7 (495) 380-17-70;;Нагатинская ул., 16, корп. 1, стр. 5, Москва;ccb.ru;55.678 37.646;bank
Кредитная фабрика;+7 (499) 110-25-21, +7 (812) 407-18-27, +7 (8462) 12-99-32;;Тихорецкий бул., 1, корп. 3, Москва;kredfabrika.ru;55.678 37.781;bank
Банк Развитие-Столица;+7 (495) 730-44-54, +7 (495) 980-61-48, +7 (495) 937-91-50;;Сколковское ш., 31, стр. 1, Москва;dcapital.ru;55.706 37.404;bank
ЮниКредит Банк, отделение;+7 (710) 030-41-13, +7 (495) 258-72-00, +7 (495) 258-72-72, +7 (495) 956-15-24, +7 (495) 258-72-58;;Мичуринский просп., 34, Москва;unicreditbank.ru;55.698 37.498;bank
ТКБ, банкомат;+7 (495) 797-32-00;;Ломоносовский просп., 25, корп. 1, Москва;tkbbank.ru;55.694 37.533;bank
Национальный резервный банк;+7 (495) 234-48-50, +7 (495) 956-32-30, +7 (495) 780-73-67, +7 (495) 989-76-50, +7 (495) 213-32-20, +7 (495) 213-32-11, +7 (495) 780-73-63, +7 (495) 213-32-00;;просп. 60-летия Октября, 10А, Москва;nrb.ru;55.693 37.575;bank
Капитал, акционерный банк;+7 (495) 958-08-89, +7 (495) 958-08-87;;5-й Донской пр., 21Б, стр. 10, Москва;capital-bank.ru;55.705 37.597;bank
Банк РМП;+7 (495) 737-86-43;;2-й Рощинский пр., 8, стр. 3, Москва;bankrmp.ru;55.706 37.602;bank
Кошелев-банк;+7 (8482) 55-80-90, +7 (756) 011-27-01, +7 (846) 933-00-00, +7 (495) 870-57-44, +7 (8462) 51-00-00, +7 (4842) 22-03-03, +7 (846-35) 5-70-58, +7 (495) 232-37-23;;Большая Тульская ул., 2, Москва;koshelev-bank.ru;55.708 37.621;bank
Морской банк;+7 (495) 777-11-77;;Варшавское ш., 1с1-2, Москва;maritimebank.com;55.704 37.626;bank
Банк Санкт-Петербург, филиал в г. Москве;+7 (495) 228-38-38, +7 (812) 329-50-50, +7 (495) 228-33-95, +7 (812) 332-78-78;;Автозаводская ул., 22, Москва;bspb.ru;55.706 37.635;bank
Первый клиентский банк;+7 (495) 276-06-24, +7 (495) 778-71-61, +7 (495) 276-06-16, +7 (495) 276-06-23, +7 (495) 276-06-26, +7 (499) 267-58-45, +7 (495) 232-31-99;;ул. Ленинская Слобода, 19, стр. 1, Москва;1cb.ru;55.710 37.655;bank
Банк РМП;+7 (495) 259-40-39;;Угрешская ул., 2, стр. 15, Москва;bankrmp.ru;55.712 37.687;bank
Кредит Европа банк, филиал;+7 (495) 784-67-15, +7 (495) 784-73-22;;Волгоградский просп., 94, корп. 1, Москва;;55.704 37.771;bank
Центрокредит, Операционная касса №40;+7 (495) 780-35-45;;МКАД 8 Километр, 3 ст1;ccb.ru;55.705 37.835;bank
Юнистрим;+7 (495) 225-01-79;;Рождественская ул., 33, Москва;unistream.ru;55.703 37.932;bank
СберБанк, банкомат;+7 (499) 149-98-54;;Вяземская ул., 4, Москва;sberbank.ru;55.714 37.403;bank
Мир привилегий;+7 (495) 258-61-05, +7 (495) 258-61-00;;Можайское ш., 43, Москва;sksbank.ru;55.717 37.410;bank
РЕСО кредит, банк;+7 (495) 730-77-55;;Воробьёвское ш., 6, Москва;resocreditbank.ru;55.727 37.535;bank
Бланк — банк для бизнеса;+7 (495) 637-82-00, +7 (495) 637-80-70;+7 (968) 508-06-86, +7 (903) 121-11-88;Усачёва ул., 35, стр. 1, Москва;blanc.ru;55.723 37.561;bank
Новикомбанк, акционерный коммерческий банк;+7 (495) 745-56-10, +7 (495) 974-71-87;;Усачёва ул., 24, Москва;novikom.ru;55.728 37.569;bank
Москомбанк;+7 (499) 242-82-19, +7 (495) 109-00-14;;1-я Фрунзенская ул., 5, Москва;москомбанк.рф , moscombank.ru;55.726 37.585;bank
АКБ Пересвет, Дополнительный офис;+7 (495) 974-04-16, +7 (495) 540-67-46, +7 (495) 974-02-56, +7 (495) 540-67-52, +7 (495) 974-04-09, +7 (495) 974-02-16, +7 (495) 229-43-62;;Ленинский просп., 11, стр. 1, Москва;bank-peresvet.ru;55.723 37.604;bank
РБА;+7 (495) 276-03-66;;Ленинский просп., 11, стр. 3, Москва;рбабанк.рф , rbabank.ru;55.722 37.604;bank
Межгосударственный банк;+7 (495) 954-70-12, +7 (495) 954-92-58, +7 (495) 228-31-00;;ул. Шухова, 15, Москва;isbnk.org , isbnk.info , isbnk.ru;55.716 37.611;bank
Мти банк;+7 (495) 989-66-48;;Мытная ул., 1, стр. 1, Москва;intercom-audit.ru , mti-bank.ru;55.728 37.615;bank
Уральский банк реконструкции и развития;+7 (343) 229-78-28, +7 (343) 311-82-12;;Мытная ул., 62, Москва;ubrr.ru;55.714 37.620;bank
Развитие;+7 (495) 298-02-53;;4-й Добрынинский пер., 8, Москва;ooo-razvitie.ru;55.728 37.617;bank
Полевое учреждение банка РФ, заводское;+7 (495) 954-02-81, +7 (495) 952-66-01, +7 (495) 954-02-41;;Павловская ул., 8, Москва;cbr.ru;55.719 37.627;bank
Новый век, банкомат;+7 (495) 223-00-63;;Щипок, 4 ст1;newbank.ru;55.727 37.629;bank
Ситибанк, банкомат;+7 (495) 775-75-75;;Павелецкая площадь, 2, стр. 1, Москва;citibank.ru;55.731 37.635;bank
БКС Мир инвестиций;+7 (495) 940-07-29, +7 (495) 785-55-44, +7 (495) 733-92-18, +7 (3832) 30-05-60, +7 (3832) 30-55-44;;Новокузнецкая ул., 44/2, Москва;bcs-bank.com , bcs.ru;55.731 37.635;bank
Эйч-эс-би-си Банк (РР);+7 (495) 721-15-15;;Павелецкая площадь, 2 ст2;hsbc.ru , hsbcnet.com;55.730 37.636;bank
ПримСоцБанк;+7 (812) 493-49-00, +7 (4232) 42-42-42, +7 (495) 212-20-10;;Дубининская ул., 57, стр. 4, Москва;pskb.com;55.721 37.636;bank
Кредит Европа банк;+7 (495) 981-38-00, +7 (495) 725-40-25;;Павелецкая площадь, 2, стр. 2, Москва;;55.730 37.636;bank
HSBC;+7 (495) 258-31-54;;Павелецкая площадь, 2, стр. 2, Москва, Россия;hsbc.ru;55.730 37.636;bank
Открытие Private Banking, банк;+7 (495) 224-02-22;;Летниковская, 2 ст4;;55.728 37.644;bank
Первый Клиентский банк;+7 (495) 726-74-53;+7 (981) 909-99-00, +7 (921) 963-96-33;Дербеневская ул., 14, корп. 2, Москва;nicksalon.ru;55.724 37.649;bank
Москва-Сити, банкомат;+7 (495) 981-85-04, +7 (495) 981-84-30, +7 (495) 981-85-05, +7 (495) 981-85-03, +7 (4012) 20-14-18, +7 (495) 981-85-01, +7 (495) 981-85-02, +7 (4012) 20-14-17;;2-й Кожевнический пер., 7, Москва;mcbank.ru;55.726 37.650;bank
Внешфинбанк, Обменный пункт;+7 (495) 256-80-20;;Рязанский просп., 77, Москва;vfbank.ru;55.717 37.795;bank
Московский Индустриальный банк;+7 (495) 734-74-09, +7 (495) 734-74-10;;1-я Новокузьминская ул., 21, корп. 2, Москва;minbank.ru;55.716 37.793;bank
СберБанк, банкомат;+7 (495) 500-00-05;;Ярцевская ул., 25А, Москва;sberbank.ru;55.741 37.416;bank
Юнистрим;+7 (495) 710-86-06;;Ельнинская ул., 23, стр. 2, Москва;unistream.ru;55.741 37.417;bank
Банк раунд;+7 (495) 980-19-25;;Рублёвское ш., 28, Москва;round.ru;55.748 37.426;bank
Банк Акцепт;+7 (495) 725-39-65;;площадь Победы, 2, корп. 2, Москва;akcept.ru;55.737 37.517;bank
Банк ЦентроКредит;+7 (495) 781-17-62;;ул. 1812 года, 2, корп. 2, Москва;ccb.ru;55.736 37.525;bank
Кэб эйчэнби банк;+7 (495) 988-27-29, +7 (495) 988-47-01;;Тестовская ул., 10, Москва;kebrus.ru;55.752 37.533;bank
Сумитомо Мицуи Рус банк;+7 (495) 287-82-00, +7 (495) 287-82-01;;Пресненская наб., 10блокС, Москва;smbcr-bank.ru;55.747 37.537;bank
Кредит Европа банк, филиал;+7 (495) 788-94-82, +7 (495) 788-94-83;;Пресненская наб., 10блокВ, Москва;;55.747 37.537;bank
Международный финансовый клуб, Офис;+7 (495) 287-04-98, +7 (495) 287-02-62, +7 (495) 287-06-40, +7 (495) 287-02-60;;Пресненская набережная, 10 блок С;mfk-bank.ru;55.747 37.537;bank
Финам, инвестиционная компания;+7 (495) 796-90-23, +7 (495) 796-93-88, +7 (495) 134-63-46, +7 (495) 796-90-26;;Кутузовский проспект, 35;finam.ru;55.740 37.537;bank
Фридом Финанс;+7 (495) 640-51-95, +7 (383) 363-08-46, +7 (495) 249-11-62;;Пресненская наб., 2, Москва;bankffin.ru;55.748 37.537;bank
Нокссбанк, банкомат;+7 (495) 933-88-22, +7 (844) 224-30-04;;Пресненская наб., 12, Москва;nokss.ru;55.750 37.537;bank
Метзлер;+7 (495) 085-30-30;+7 (977) 380-44-59;Пресненская наб., 8, стр. 1, Москва;;55.747 37.539;bank
Рента-банк, коммерческий банк;+7 (499) 240-56-43, +7 (499) 240-46-56, +7 (499) 240-56-72;;Бережковская наб., 20Г, Москва;rentabank.ru;55.732 37.546;bank
Банк Жилищного Финансирования;+7 (499) 271-05-47, +7 (499) 283-48-74;;Брянская ул., 5, Москва;bgfbank.ru;55.744 37.562;bank
Кредит Европа банк;+7 (495) 258-98-36, +7 (495) 443-43-35, +7 (495) 258-98-37;;площадь Киевского Вокзала, 2, Москва;;55.745 37.567;bank
Новый Московский банк, Головной офис;+7 (495) 796-93-55, +7 (495) 139-43-06;;Большой Саввинский переулок, 2-4-6;nmbank.ru;55.736 37.569;bank
Новый Московский банк;+7 (495) 139-43-05;;Большой Саввинский пер., 2-4-6с10, Москва;nmbank.ru;55.736 37.569;bank
Держава, банк;+7 (495) 380-04-73, +7 (495) 380-04-80;+7 (936) 000-18-62;Большой Саввинский пер., 2, стр. 9, Москва;derzhava.ru;55.736 37.570;bank
Еврофинанс Моснарбанк, банкомат;+7 (499) 300-98-32, +7 (495) 967-81-82, +7 (495) 967-81-33;;ул. Новый Арбат, 29, Москва;evrofinance.ru;55.751 37.577;bank
Московский Индустриальный банк;+7 (495) 734-74-15, +7 (495) 734-74-13;;Смоленская наб., 2А, Москва;minbank.ru;55.748 37.577;bank
Национальный инвестиционно-промышленный банк;+7 (495) 786-21-71, +7 (495) 737-44-24;;2-й Неопалимовский пер., 10, Москва;nipbank.ru , cbr.ru;55.740 37.582;bank
Далена банк;+7 (499) 455-01-80, +7 (495) 673-10-10, +7 (495) 673-54-63;;Смоленский бул., 17, Москва;dalenabank.ru;55.743 37.584;bank
АО Ури банк;+7 (495) 783-97-88, +7 (495) 783-97-87;;Новинский бул., 8, Москва;woori.ru;55.751 37.584;bank
Citigold, Private Client;+7 (495) 775-25-00;;Новинский бул., 8, стр. 1, Москва;citibank.ru;55.751 37.585;bank
Небанковская кредитная организация – центральный контрагент РДК;+7 (495) 380-13-26;;ул. Тимура Фрунзе, 24, Москва;sdco.ru;55.736 37.588;bank
Соколовский;+7 (495) 502-94-80, +7 (495) 502-94-81, +7 (495) 502-94-82, +7 (495) 502-94-84;;ул. Арбат, 43, стр. 3, Москва;sbnk.ru;55.748 37.589;bank
Акционерное общество Мир Бизнес банк;+7 (495) 646-21-10;;ул. Пречистенка, 36, стр. 1, Москва;mbbru.ru;55.740 37.589;bank
Банк ВТБ, Дополнительный офис Гоголевский;+7 (495) 642-88-88;;Гоголевский бульвар, 5 ст1;private.vtb.ru;55.745 37.600;bank
Форштадт;+7 (495) 733-91-98, +7 (3532) 98-04-00, +7 (495) 733-91-97, +7 (3532) 98-04-99;;Филипповский пер., 13, стр. 1, Москва;forshtadt.ru;55.750 37.598;bank
Ланта-Банк;+7 (495) 957-00-00;;Гоголевский бул., 21, стр. 1, Москва;lanta.ru;55.748 37.599;bank
Sberbank Private Banking;+7 (495) 781-87-78, +7 (495) 258-05-07, +7 (495) 258-05-00;;Соймоновский проезд, 5;sberbank-pb.ru;55.743 37.605;bank
Евразийский банк Развития;+7 (727) 244-65-70, +7 (812) 320-44-41, +7 (495) 258-27-60, +7 (727) 244-40-44, +7 (495) 645-04-45, +7 (812) 329-40-41, +7 (495) 645-04-41;;1-й Зачатьевский пер., 3, стр. 1, Москва;eabr.org;55.739 37.605;bank
Альба Альянс, офис;+7 (495) 739-09-82, +7 (495) 380-13-00, +7 (495) 650-32-11, +7 (495) 650-32-08, +7 (495) 252-00-00, +7 (499) 252-00-00, +7 (499) 252-68-68;;Кремлёвская наб., 1, стр. 2, Москва;alal.ru;55.747 37.610;bank
Газпромбанк Private Banking;+7 (495) 719-19-00;;Якиманская наб., 2, корп. 1, Москва;gazprombank.ru;55.739 37.611;bank
Металлинвестбанк, акционерный коммерческий банк;+7 (495) 980-98-74, +7 (495) 727-97-97, +7 (495) 777-81-97;;улица Большая Полянка, 47 ст1;metallinvestbank.ru;55.733 37.620;bank
Банк Авангард, банкомат;+7 (495) 730-02-27;;ул. Большая Полянка, 24/2с4, Москва;avangard.ru;55.738 37.619;bank
Коммерцбанк Евразия;+7 (495) 797-48-27, +7 (495) 797-48-00;;Кадашёвская наб., 14, корп. 3, Москва;commerzbank.ru , commerzbank.com;55.744 37.620;bank
Азия-инвест банк;+7 (495) 363-37-01, +7 (495) 363-37-03, +7 (495) 363-37-02;+7 (968) 443-84-46, +7 (968) 443-84-49, +7 (968) 443-84-47;2-й Казачий пер., 3, стр. 1, Москва;ai-bank.ru;55.734 37.622;bank
Джей энд ти банк;+7 (812) 493-35-93, +7 (495) 662-45-45;;Кадашёвская наб., 26, Москва;jtbank.ru;55.745 37.622;bank
А-Клуб Ордынка, Дополнительный офис;+7 (495) 777-32-55;;Большая Ордынка, 49 ст1;aclub.alfabank.ru , new.nfa.ru;55.734 37.625;bank
Национальный стандарт;+7 (495) 664-73-44, +7 (844) 299-50-33, +7 (495) 956-17-24, +7 (495) 725-59-51, +7 (495) 725-59-53, +7 (495) 956-17-35;+7 (927) 528-82-88;ул. Большая Ордынка, 52, Москва;ns-bank.ru;55.734 37.624;bank
Москоммерцбанк, банкомат;+7 (495) 363-22-22, +7 (495) 787-06-01, +7 (495) 787-06-00, +7 (495) 961-24-70;;ул. Малая Ордынка, 20, стр. 1, Москва;moskb.ru , cbr.ru;55.737 37.625;bank
Банк РСИ, банкомат;+7 (495) 951-72-53, +7 (495) 951-40-36, +7 (495) 951-72-32, +7 (495) 951-42-27, +7 (495) 951-42-46;;ул. Малая Ордынка, 35, стр. 1, Москва;bankrsi.ru;55.733 37.626;bank
Райффайзенбанк, банкомат;+7 (3422) 18-35-18;;Пятницкая ул., 34, Москва;raiffeisen-capital.ru , raif-partners.ru , raiffeisen.ru;55.739 37.628;bank
Ланта-банк, Головной офис;+7 (495) 959-29-59;;Новокузнецкая ул., 9, стр. 1, Москва;lanta.ru;55.739 37.631;bank
Allianz;+7 (4732) 50-53-30, +7 (495) 232-33-33, +7 (495) 956-21-05, +7 (495) 232-01-00, +7 (812-71) 8-40-44, +7 (831-41) 0-33-11;+7 (927) 690-32-17;Озерковская наб., 30, Москва;allianz.ru;55.738 37.638;bank
Инбанк;+7 (495) 540-46-69, +7 (495) 229-12-34, +7 (495) 620-09-76, +7 (812) 384-24-02;;Старый Толмачёвский пер., 5, Москва;in-bank.ru;55.739 37.632;bank
Банк Глобус;+7 (495) 788-60-01, +7 (495) 644-00-11;+7 (903) 113-83-81, +7 (968) 088-11-00;ул. Бахрушина, 10, стр. 1, Москва;bankglobus.ru , globus-coins.ru;55.736 37.635;bank
Руснарбанк, банкомат;+7 (495) 951-54-05, +7 (495) 951-30-01, +7 (495) 664-88-00, +7 (495) 411-87-80, +7 (495) 951-30-10;;Озерковский пер., 3, Москва;rusnarbank.ru , finombudsman.ru;55.741 37.637;bank
Уральский финансовый дом;+7 (495) 280-35-38, +7 (495) 280-35-37, +7 (495) 514-19-49;;Овчинниковская наб., 20, стр. 1, Москва;klookva.ru , uralfd.ru;55.744 37.635;bank
Тимер банк;+7 (843) 557-81-13, +7 (499) 947-09-71;;ул. Бахрушина, 23, стр. 2, Москва;timerbank.ru;55.734 37.637;bank
Норма;+7 (495) 292-76-81;;Озерковский пер., 3, Москва;norma24.ru;55.741 37.637;bank
Металлинвестбанк;+7 (495) 730-05-36, +7 (495) 730-05-13, +7 (495) 784-69-05;;Озерковская наб., 28, стр. 1, Москва;metallinvestbank.ru;55.739 37.638;bank
МСП Банк;+7 (495) 783-79-74, +7 (495) 783-79-98, +7 (495) 783-79-16, +7 (343) 351-78-13;+7 (965) 229-72-51, +7 (968) 860-08-84, +7 (903) 258-36-68, +7 (912) 389-17-77, +7 (963) 716-45-73, +7 (913) 915-66-75, +7 (968) 860-07-90, +7 (965) 229-72-20, +7 (903) 259-00-43, +7 (903) 208-18-85;Садовническая ул., 79, Москва;mspbank.ru;55.735 37.644;bank
Банк Зенит;+7 (495) 777-57-00, +7 (495) 937-07-35, +7 (495) 937-07-37, +7 (495) 777-57-07, +7 (495) 777-57-04, +7 (495) 937-09-96;;ул. Солянка, 13/3с1, Москва;zenit.ru;55.751 37.642;bank
Эко-Инвест;+7 (495) 755-51-14, +7 (495) 915-05-35, +7 (495) 915-07-38, +7 (495) 755-51-17;;Верхняя Радищевская ул., 18, стр. 2, Москва;eco-invest.ru;55.743 37.651;bank
Байкал Инвест банк;+7 (495) 787-72-27;;ул. Станиславского, 4, стр. 2, Москва;realistbank.ru;55.744 37.660;bank
АйСиБиСи банк;+7 (495) 287-30-99;;Серебряническая наб., 29, Москва;icbcmoscow.ru;55.750 37.653;bank
Дружба;+7 (3452) 68-12-53, +7 (495) 419-28-13;;Воронцовская ул., 4, стр. 1, Москва;bankd.ru;55.740 37.655;bank
Республиканский кредитный альянс;+7 (495) 911-21-83, +7 (495) 911-20-27, +7 (495) 911-21-81, +7 (495) 912-64-01, +7 (495) 912-66-02;;Воронцовская ул., 13/14с1, Москва;cbrca.ru;55.739 37.657;bank
Индо;+7 (495) 735-43-35, +7 (495) 735-43-34;;Марксистская ул., 16, Москва;cibl.ru;55.739 37.659;bank
ГК Целевые финансы;+7 (499) 130-62-99;;Николоямская ул., 40/22с4, Москва;celfin.ru;55.747 37.659;bank
Далена банк;+7 (495) 730-20-43, +7 (495) 785-15-15;;Пестовский пер., 5, Москва;dalenabank.ru;55.746 37.659;bank
Спецстройбанк;+7 (495) 755-56-66;;ул. Александра Солженицына, 12, стр. 4, Москва;ssb.msk.ru;55.743 37.660;bank
ОТП Банк;+7 (495) 228-80-34, +7 (495) 228-80-35, +7 (495) 228-80-36;;Марксистская ул., 3, стр. 1, Москва;otpbank.ru;55.738 37.661;bank
Джей энд Ти банк, дополнительный офис Таганский;+7 (495) 114-56-06, +7 (495) 662-45-44;;Таганская ул., 26, стр. 1, Москва;jtbank.ru;55.740 37.663;bank
Райффайзенбанк;+7 (495) 700-17-17;;ул. Сергия Радонежского, 4, Москва;raiffeisen-capital.ru , raif-partners.ru , raiffeisen.ru;55.746 37.673;bank
Агророс, банкомат;+7 (495) 134-58-88;;Зелёный просп., 20, Москва;agroros.ru;55.750 37.787;bank
Аресбанк, коммерческий банк;+7 (495) 795-32-88, +7 (495) 795-32-87;;Тестовская ул., 10, Москва;aresbank.ru;55.752 37.533;bank
Космос;+7 (495) 362-85-09, +7 (495) 792-88-92;;Красногвардейский бул., 7, Москва;bcosm.ru;55.760 37.543;bank
Денизбанк, отделение;+7 (495) 725-10-25, +7 (495) 725-10-20;;2-я Звенигородская ул., 13, стр. 42, Москва;denizbank.ru;55.761 37.551;bank
Инвестиционный капитал, компания;+7 (495) 005-77-48;+7 (964) 641-17-48;Студенецкий пер., 3, Москва;invkap.ru;55.758 37.556;bank
Росэксимбанк;+7 (495) 967-07-67;;Краснопресненская наб., 12, Москва;exportcenter.ru , eximbank.ru;55.754 37.557;bank
Банк БКФ Головной офис;+7 (383) 319-11-19, +7 (495) 514-08-10, +7 (812) 313-87-40;;ул. Красная Пресня, 24, Москва;cfb.ru;55.762 37.570;bank
БКБ Ультима;+7 (495) 940-06-89, +7 (495) 785-53-36, +7 (3832) 30-02-02;;ул. Красная Пресня, 21, Москва;bcs-bank.com;55.761 37.570;bank
Уральский банк реконструкции и развития;+7 (343) 229-78-87;;ул. Новый Арбат, 21, Москва;ubrr.ru;55.752 37.586;bank
Кубань кредит, дополнительный офис;+7 (8612) 74-92-74, +7 (8612) 77-78-88;;Вспольный пер., 5, стр. 2, Москва;kubankredit.ru;55.760 37.587;bank
Goldman Sachs Bank, представительство;+7 (495) 645-42-00, +7 (495) 645-40-00;;ул. Гашека, 6, Москва;www2.goldmansachs.com , goldmansachs.com;55.768 37.591;bank
РФК-банк;+7 (495) 380-02-98, +7 (495) 692-74-82, +7 (495) 692-85-43;;Вспольный пер., 19, Москва;rusfincorp.ru , fincult.info;55.763 37.588;bank
Тендер-банк, акционерный коммерческий банк;+7 (499) 766-70-98, +7 (499) 947-00-77;;ул. Гашека, 2, стр. 1, Москва;tender-bank.ru , tenderbank.ru;55.768 37.589;bank
Сэб банк;+7 (495) 662-63-10;;ул. Гашека, 7, Москва;sebbank.ru;55.769 37.589;bank
Россита-банк, банкомат;+7 (495) 933-46-00, +7 (495) 933-46-01;;1-я Брестская ул., 22, Москва;russitabank.ru;55.772 37.591;bank
Космос;+7 (495) 691-45-53;;Большая Бронная ул., 7, Москва;bcosm.ru;55.761 37.598;bank
Банк ПТБ;+7 (3472) 99-99-99;;улица Моховая, 11 ст13;promtransbank.ru;55.757 37.611;bank
ПромТрансБанк;+7 (495) 775-72-31, +7 (495) 995-09-00, +7 (495) 995-09-14;;Моховая ул., 11, стр. 13, Москва;promtransbank.ru;55.757 37.611;bank
Р-инкас, расчетная небанковская кредитная организация;+7 (495) 393-48-98;;Малый Каретный пер., 8, Москва;rinkas.ru;55.771 37.614;bank
Индустриальный Сберегательный банк;+7 (495) 641-40-70, +7 (495) 114-55-69, +7 (495) 114-55-68, +7 (499) 501-99-08;;Дмитровский пер., 7, Москва;isbank.ru;55.762 37.616;bank
Банк Натиксис;+7 (495) 787-17-17, +7 (495) 787-17-00;;Цветной бул., 2, Москва;natixis.ru;55.769 37.623;bank
Синко-Банк, отделение;+7 (495) 737-42-44, +7 (495) 737-41-39, +7 (495) 737-41-40, +7 (495) 737-41-38, +7 (495) 950-09-40;+7 (917) 550-79-28, +7 (985) 858-08-71, +7 (985) 858-08-72;Последний пер., 11, Москва;sinko-bank.ru;55.770 37.627;bank
Евроальянс;+7 (495) 626-07-77;;ул. Кузнецкий Мост, 21/5, Москва;euroalliance.ru;55.762 37.627;bank
Кредит Агриколь;+7 (495) 564-85-00;;Большой Златоустинский пер., 1, стр. 6, Москва;ca-cib.ru , ca-cib.com;55.760 37.632;bank
Агропромкредит, коммерческий банк;+7 (495) 755-80-08, +7 (495) 739-20-05;;Просвирин пер., 4, Москва;apkbank.ru;55.769 37.634;bank
СДМ-Премиум, отделение;+7 (495) 705-90-90;;Лубянский пр., 19, стр. 1, Москва;sdm.ru;55.756 37.634;bank
Сургутнефтегазбанк;+7 (3452) 50-77-53, +7 (495) 608-00-02, +7 (495) 607-21-19, +7 (812) 600-48-23, +7 (3462) 39-88-04, +7 (3462) 39-87-11;+7 (922) 253-07-15;Ананьевский переулок, 5 ст3;sngb.ru;55.771 37.637;bank
Dz Bank AG;+7 (495) 721-31-60, +7 (495) 741-40-00;;Подкопаевский пер., 4А, Москва;dzbank.de;55.754 37.642;bank
ББР Банк, банкомат;+7 (495) 363-91-62;;Покровский бульвар, 4/17 ст1;;55.758 37.646;bank
Банк Синара, банкомат;+7 (343) 355-75-75;;ул. Покровка, 40, стр. 2А, Москва;sinara.ru;55.761 37.653;bank
Русский универсальный банк;+7 (495) 917-76-04, +7 (495) 917-72-95, +7 (495) 917-74-28, +7 (495) 917-71-91, +7 (495) 917-98-85, +7 (495) 917-83-66, +7 (495) 917-92-59;;Малый Казённый пер., 14, Москва;rubank.ru;55.761 37.655;bank
Русский Стандарт, банкомат;+7 (495) 748-07-48, +7 (495) 797-84-02, +7 (495) 797-84-40;;Земляной Вал улица, 18-22 ст1;rsb.ru;55.759 37.657;bank
Развитие-Столица, банкомат;+7 (495) 937-91-99;;Нижний Сусальный пер., 5, стр. 15, Москва;dcapital.ru;55.758 37.665;bank
Первый Клиентский банк;+7 (499) 261-23-92;;Старая Басманная ул., 33, Москва;1cb.ru;55.769 37.668;bank
Банк столичный кредит, банкомат;+7 (8462) 54-55-30, +7 (495) 775-77-35, +7 (495) 229-00-50, +7 (495) 795-07-60, +7 (495) 795-07-61, +7 (495) 775-24-50, +7 (812-74) 8-12-58;;Бауманская ул., 54, стр. 1, Москва;capitalkredit.ru;55.769 37.679;bank
Далена банк;+7 (495) 788-50-53;;ш. Энтузиастов, 17, Москва;dalenabank.ru;55.753 37.723;bank
Далена банк;+7 (495) 788-50-10;;ш. Энтузиастов, 56, стр. 32, Москва;dalenabank.ru;55.760 37.763;bank
Московский Индустриальный банк;+7 (495) 734-74-65, +7 (495) 734-74-66;;3-я Владимирская ул., 8, корп. 1, Москва;minbank.ru;55.762 37.785;bank
Крокус-банк, Дополнительный офис Крокус-Москва;+7 (495) 228-12-42, +7 (495) 228-12-40, +7 (495) 228-12-44, +7 (495) 228-12-43;;улица Куусинена, 11 к3;crocusbank.ru;55.783 37.514;bank
Крокус банк;+7 (499) 728-03-63, +7 (499) 728-03-93;+7 (968) 718-77-61;ул. Куусинена, 11, корп. 3, Москва;crocusbank.ru;55.783 37.514;bank
Далена Банк, банкомат;+7 (495) 730-20-78;;пр. Берёзовой Рощи, 12, Москва;dalenabank.ru;55.791 37.521;bank
Солид Банк;+7 (495) 644-40-47, +7 (495) 228-70-09;;Хорошёвское ш., 32А, Москва;solidbank.ru;55.777 37.542;bank
Интерпрогрессбанк, отделения;+7 (831) 883-30-04, +7 (499) 613-92-09;;Ленинградский просп., 33А, Москва;ipb.ru;55.788 37.558;bank
Муниципальный Камчатпрофитбанк;+7 (499) 257-64-40, +7 (4152) 30-20-20, +7 (4152) 41-11-64, +7 (4152) 30-53-05;;ул. Нижняя Масловка, 11, корп. 1, Москва;profitbank.ru;55.791 37.575;bank
ИК банк;+7 (8432) 31-72-73, +7 (8432) 38-07-56, +7 (8432) 38-03-39, +7 (495) 730-76-76, +7 (8432) 31-72-25, +7 (8432) 31-72-83, +7 (495) 787-77-74;;Ленинградский просп., 20, Москва;icbru.ru;55.782 37.576;bank
Сетелем банк;+7 (495) 644-33-44;;ул. Правды, 26, Москва;cetelem.ru;55.790 37.584;bank
J.P. Morgan;+7 (495) 967-10-00, +7 (495) 967-10-01;;улица Бутырский Вал, 10;jpmorgan.ru;55.778 37.586;bank
Дж. П. Морган банк Интернешнл;+7 (495) 937-73-00;;ул. Бутырский Вал, 10, Москва;jpmorgan.ru;55.778 37.586;bank
Банк кредит свисс;+7 (495) 967-82-00;;Тверская-Ямская 1-я, 21;credit-suisse.com;55.775 37.588;bank
Deutsche Bank;+7 (495) 797-50-00, +7 (495) 797-50-17, +7 (812) 332-54-99, +7 (812) 332-88-75;;Лесная ул., 5, стр. Б, Москва;deutsche-bank.ru;55.778 37.587;bank
Кредит Европа банк, отделение;+7 (495) 725-40-15;;Лесная ул., 20, стр. 1, Москва;;55.780 37.592;bank
Банк Союз;+7 (495) 725-29-94, +7 (495) 729-55-22, +7 (495) 729-55-00, +7 (495) 729-55-17;;Сущёвская ул., 27, стр. 1, Москва;banksoyuz.ru;55.783 37.601;bank
Банк Интеза, отделение;+7 (495) 967-30-61, +7 (495) 411-80-70, +7 (495) 544-58-13, +7 (495) 411-80-71, +7 (495) 544-58-10;;Долгоруковская ул., 19, стр. 1, Москва;bancaintesa.ru;55.775 37.603;bank
ИНГ-банк;+7 (495) 755-54-99, +7 (495) 755-54-10, +7 (495) 933-47-47, +7 (495) 755-54-00;;Краснопролетарская ул., 36, Москва;ing.ru;55.780 37.605;bank
Акционерное общество Профессионал банк;+7 (499) 973-14-14, +7 (495) 347-47-47, +7 (484-39) 7-99-44, +7 (495) 924-75-00, +7 (496-40) 3-74-74, +7 (499) 973-25-50;+7 (903) 253-68-19;Селезнёвская ул., 15А, стр. 1, Москва;probank.pro;55.781 37.607;bank
Freedom Finance;+7 (495) 783-91-73;;ул. Каретный Ряд, 5/10с2, Москва;bankffin.ru , cifra-broker.ru , ffin.ru;55.773 37.609;bank
Вайлдберриз банк;+7 (495) 600-37-61;;Большой Каретный пер., 20, стр. 2, Москва;stkbank.ru;55.772 37.616;bank
Кредит Европа банк;+7 (495) 228-30-90, +7 (495) 725-40-17, +7 (495) 785-75-08, +7 (495) 960-31-76, +7 (495) 960-31-77;;Олимпийский просп., 14, Москва;;55.779 37.623;bank
Таврический банк;+7 (495) 234-20-93, +7 (495) 234-20-90;;ул. Щепкина, 29, Москва;tavrich.ru;55.779 37.628;bank
American Express;+7 (495) 543-94-00;;Малая Сухаревская площадь, 10, Москва;americanexpress.ru;55.772 37.631;bank
Автоградбанк, банкомат;+7 (495) 600-63-06;;ул. Гиляровского, 62, Москва;avtogradbank.ru;55.788 37.633;bank
Bank of China;+7 (495) 795-04-55, +7 (4232) 02-25-37, +7 (495) 795-04-63, +7 (495) 795-04-62, +7 (495) 795-04-65, +7 (495) 795-04-51, +7 (495) 258-53-01;;просп. Мира, 72, Москва;boc.ru;55.789 37.636;bank
Международный инвестиционный банк;+7 (499) 975-20-70, +7 (495) 604-73-00;;улица Маши Порываевой, 7 ст А;iib.int;55.773 37.647;bank
АКИБАНК, терминал;+7 (8552) 77-33-88;;Большая Переяславская ул., 46, стр. 2, Москва;akibank.ru;55.787 37.641;bank
Альфа банк;+7 (343) 217-46-46;;Каланчёвская ул., 27, Центральный административный округ, Красносельский район, Москва;alfabank-online.ru;55.775 37.650;bank
ЭНЕРГОТРАНСБАНК, коммерческий банк;+7 (499) 648-99-89;;Верхняя Красносельская ул., 3А, Москва;energotransbank.com;55.786 37.664;bank
Банк Россия;+7 (495) 666-32-50;;Переведеновский пер., 13, стр. 1, Москва;abr.ru , web.abr.ru;55.779 37.688;bank
Абсолют банк, банкомат;+7 (495) 777-71-64;;Бакунинская ул., 23-41, Москва;absolut-trust.ru , absolutbank.ru;55.776 37.684;bank
Трансстройбанк ОКВКУ Электрозаводская;+7 (4742) 47-60-12, +7 (861-67) 2-54-04, +7 (4012) 97-10-53, +7 (495) 786-37-78;;Большая Семёновская ул., 16, Москва;transstroybank.ru , coins.tsbnk.ru;55.782 37.704;bank
Максима;+7 (499) 166-85-25, +7 (499) 166-85-15;;Вольная ул., 13, Москва;bankmaxima.ru;55.777 37.730;bank
Московский Индустриальный банк;+7 (495) 734-74-21, +7 (495) 734-74-20;;Окружной пр., 20/57, Москва;minbank.ru;55.784 37.742;bank
СДМ-банк, банкомат;+7 (495) 490-15-45, +7 (495) 777-11-92;;12-я Парковая ул., 5, Москва;sdm.ru;55.790 37.810;bank
Эс-би-ай банк;+7 (495) 651-65-12;;Ленинградский просп., 72, корп. 2, Москва;sbibankllc.ru;55.805 37.521;bank
Прокоммерцбанк;+7 (495) 644-25-09, +7 (495) 644-25-26, +7 (495) 644-25-25;;Тимирязевская, 1;procombank.ru;55.808 37.571;bank
Банк ВТБ;+7 (495) 925-80-00;;Бутырская ул., 11, Москва;vtb.ru;55.796 37.583;bank
МодульКасса, мобильная онлайн-касса под 54-ФЗ;+7 (495) 266-41-70, +7 (495) 154-15-86;;Новодмитровская ул., 2, корп. 1, Москва;modulkassa.ru;55.805 37.590;bank
Банк БКФ, Пункт обмена валюты;+7 (499) 929-03-42;;ул. Сущёвский Вал, 63, Москва;cfb.ru;55.793 37.621;bank
Банк БКФ, Пункт обмена валюты;+7 (495) 230-04-65, +7 (495) 234-17-03;;просп. Мира, 102, корп. 2, Москва;cfb.ru;55.801 37.636;bank
Ростфинанс, коммерческий банк;+7 (8632) 10-51-08, +7 (8632) 10-37-54, +7 (8632) 87-00-58, +7 (812) 456-04-05;;просп. Мира, 102, корп. 2, Москва;rostfinance.ru , clck.ru;55.801 37.637;bank
Банк РМП;+7 (495) 737-86-62;;Преображенская ул., 2, корп. 1, Москва;bankrmp.ru;55.795 37.706;bank
Банк Хоум Кредит, банкомат;+7 (499) 702-47-34;;Преображенская ул., 2, корп. 1, Москва;homecredit.ru;55.795 37.706;bank
Московский Индустриальный банк;+7 (495) 734-74-22, +7 (495) 734-74-23;;ул. Хромова, 1, Москва;minbank.ru;55.800 37.715;bank
Трансстройбанк, акционерный коммерческий банк;;+7 (966) 001-93-59;9-я Парковая ул., 30, Москва;transstroybank.ru , coins.tsbnk.ru;55.795 37.800;bank
Home Credit Bank, терминал;+7 (495) 967-37-66;;Первомайская улица, 107;homecredit.ru;55.794 37.811;bank
СберБанк;+7 (499) 608-92-72, +7 (495) 555-55-50;;Сиреневый бул., 53, Москва;sberbank.ru;55.803 37.814;bank
Мосгоркредит, кредитный брокер;+7 (495) 201-33-19;+7 (964) 647-97-24, +7 (964) 631-33-63;Неманский пр., 4, корп. 2, Москва;mosgorcredit.ru , mosgorkredit.ru;55.814 37.392;bank
Home credit bank, банкомат;+7 (499) 702-47-31;;Ленинградское шоссе, 16а ст1;homecredit.ru;55.822 37.497;bank
Банк Зенит, банкомат;+7 (495) 933-07-36, +7 (495) 777-57-05, +7 (495) 933-07-32, +7 (495) 967-11-11;;Головинское шоссе, вл5;zenit.ru;55.840 37.491;bank
Далена банк;+7 (495) 223-24-23;;Енисейская ул., 1, стр. 1, Москва;dalenabank.ru;55.849 37.670;bank
Кредит Европа банк;+7 (495) 642-83-33, +7 (495) 662-31-24;;ул. Менжинского, 23, корп. 1, Москва;;55.870 37.661;bank
Авангард, Экспресс-офис;+7 (495) 737-18-98, +7 (495) 737-18-99, +7 (495) 730-89-73;;Енисейская ул., 19, корп. 1, Москва;corporate.avangard.ru , avangard.ru , cards.avangard.ru;55.869 37.663;bank
Банк УРАЛСИБ;+7 (495) 723-77-00;;Лобненская ул., 4Б, Москва;uralsib.ru;55.890 37.539;bank
Ренессанс Кредит;+7 (495) 783-88-50;;Широкая ул., 12, Москва;rencredit.ru;55.887 37.659;bank
Национальный инвестиционно-промышленный банк;+7 (495) 276-06-02, +7 (495) 276-06-01;;Дмитровское ш., 110, стр. 3, Москва;nipbank.ru , cbr.ru;55.894 37.544;bank
Райффайзенбанк;+7 (495) 721-31-81;;Смоленская-Сенная площадь, 28, Москва;raiffeisen-capital.ru , raif-partners.ru , raiffeisen.ru;55.744 37.585;bank
Азиатско-Тихоокеанский банк;+7 (4162) 22-04-12;;Вознесенский пер., 11, стр. 1, Москва;atb.su;55.759 37.605;bank
Росгосстрах, страховая компания;+7 (495) 631-01-24, +7 (495) 684-42-50, +7 (495) 645-59-09, +7 (495) 645-59-19, +7 (495) 648-11-11, +7 (499) 605-01-21, +7 (499) 605-10-01, +7 (499) 605-11-10, +7 (499) 649-59-95, +7 (495) 926-99-77;+7 (903) 767-22-73;ул. Сущёвский Вал, 67, Москва;;55.793 37.623;bank
Зираат банк;+7 (495) 232-67-37, +7 (495) 232-67-35, +7 (495) 232-67-36;;Марксистская ул., 16, Москва;vtb.ru , ziraatbank.ru;55.739 37.659;bank
НК банк, банкомат;+7 (495) 785-42-35, +7 (495) 411-69-99, +7 (495) 411-88-44;;Миусская площадь, 2, Москва;nkbank.ru;55.776 37.593;bank
Московский Индустриальный банк;+7 (495) 734-74-11, +7 (495) 734-74-12;;Краснодарская ул., 13, стр. 2, Москва;minbank.ru;55.678 37.744;bank
СберБанк, банкомат;+7 (495) 737-03-30;;8, микрорайон Родники, посёлок Знамя Октября;sberbank.ru;55.467 37.545;bank
Best Efforts Bank;+7 (495) 889-01-70, +7 (495) 787-24-85, +7 (495) 899-01-70, +7 (499) 973-23-29;;Долгоруковская ул., 38, стр. 1, Москва;besteffortsbank.ru;55.778 37.602;bank
ВТБ банк, отделение;+7 (495) 783-14-19;;Митинская ул., 36, корп. 2, Москва;vtb.ru;55.847 37.362;bank
Абсолют банк, банкомат;+7 (495) 935-00-52;;Южнобутовская ул., 61, Москва;absolutbank.ru;55.537 37.530;bank
