Храм Святых новомучеников и исповедников Российских;+7 (495) 817-74-39;;Калужское шоссе 24 км, 1;hram-poligon-kommunarka.ru;55.579 37.456;church
Временный храм в честь царя страстотерпца Николая II в Аннино;+7 (495) 971-90-25;+7 (901) 574-80-25;Варшавское шоссе, вл160;tsar-hram.ru;55.582 37.595;church
Храм в честь иконы Божией Матери Нечаянная Радость в Чертанове;;+7 (985) 954-95-94;Днепропетровская ул., вл4А, Москва;hram-radost.ru;55.623 37.599;church
Студенческая Церковь Введения во Храм Пресвятой Богородицы;+7 (499) 979-00-99, +7 (495) 925-53-53, +7 (499) 731-10-72, +7 (495) 221-10-01, +7 (499) 611-53-50, +7 (499) 369-14-47, +7 (495) 232-01-62, +7 (499) 151-66-05;+7 (915) 098-07-88, +7 (926) 678-81-92, +7 (916) 104-07-94, +7 (916) 418-09-75;ул. Введенского, 1А, Москва;masi.ru , mfua.ru;55.648 37.550;church
Храм священномучеников Власия и Харалампия;;+7 (925) 602-80-04;улица Борисовские Пруды, 4а;vlasy-haralampy.moseparh.ru;55.635 37.733;church
Церковь Марии Египетской в Братееве;;+7 (985) 033-93-11, +7 (916) 781-99-32;ул. Борисовские Пруды, вл33, Москва;maria-egypt.moseparh.ru , maria-egypt.cerkov.ru;55.639 37.744;church
Храм святых апостолов Петра и Павла в Тропарево;;+7 (977) 899-33-93;проспект Вернадского, вл1а;petrapavlahram.ru;55.668 37.488;church
Православный храм святых равноапостольных князя Владимира и княгини Ольги в Черемушках;;+7 (985) 061-36-59, +7 (985) 765-11-64;улица Вавилова, вл10 к1;st-vladimir-olga.ru;55.676 37.547;church
Храм Святой Равноапостольной Нины в Черемушках;;+7 (916) 108-66-59, +7 (916) 114-70-38;Профсоюзная ул., вл21/23, Москва;deva-apostol.moseparh.ru;55.675 37.562;church
Храм Преподобного Андрея Рублева;+7 (499) 739-30-53, +7 (495) 734-23-12;+7 (905) 506-96-12;Мичуринский проспект, к37;hramramenki.ru;55.694 37.494;church
Храм во имя преподобного Иоанна Рыльского при психиатрической больнице им. Н.А. Алексеева;+7 (495) 954-15-31;;Загородное шоссе, 2 ст10;donblago.ru;55.700 37.608;church
Церковь Святителей Московских;+7 (495) 978-12-82;+7 (901) 517-12-82;Можайское ш., 56А, Москва;svt-iov.ru;55.716 37.399;church
Храм иконы Божией Матери Знамение, Городская клиническая больница №1 им. Н.И. Пирогова;+7 (495) 912-30-11, +7 (499) 705-88-10, +7 (495) 536-92-63;+7 (901) 502-43-59;Ленинский проспект, 10 к5;stdimitry.ru , znameniegkb.moseparh.ru;55.721 37.597;church
Церковь Архангела Михаила;+7 (495) 933-23-77;+7 (915) 433-79-35, +7 (901) 909-06-92, +7 (919) 100-90-10, +7 (965) 132-52-50, +7 (985) 186-96-14;Донская площадь, 1 ст20;donskoi.org;55.714 37.602;church
Храм Сорока Севастийских мучеников в Спасской слободе;+7 (495) 676-69-14;;Динамовская ул., 28, стр. 1, Москва;40мучеников.рус;55.732 37.659;church
Храм Преподобного Александра Свирского в Грайвороново;;+7 (925) 330-82-22, +7 (982) 751-95-11;улица Грайвороновская, вл10;hramgraivoronovo.ru;55.719 37.731;church
Храм Святой Преподобной Евфросинии Полоцкой;;+7 (925) 451-67-01;Молодогвардейская улица, вл14;evfrosiniya-polockaya.ru;55.734 37.426;church
Храм Святителя Спиридона Тримифунтского в Фили-Давыдково;+7 (495) 786-12-10;+7 (985) 556-80-90;улица Барклая, вл9;svt-spiridon.ru;55.743 37.495;church
Храм святителей Афанасия и Кирилла Александрийских на Сивцевом вражке;+7 (495) 691-16-89, +7 (495) 695-73-12;;Филипповский переулок, 3;afanasiakirilla.cerkov.ru;55.748 37.598;church
Храм Святителя Григория Неокесарийского на Полянке;+7 (495) 959-25-39, +7 (495) 959-00-11;;ул. Большая Полянка, 29А, Москва;ieronim-polyanka.ru;55.738 37.619;church
Храм Святых апостолов Петра и Павла у Яузских ворот;;+7 (926) 622-34-65;Петропавловский переулок, 4-6 ст8;serbskoe-podvorie.ru;55.751 37.643;church
Храм преподобного Серафима Саровского на Филёвской пойме;;+7 (991) 989-80-82;Филёвский бульвар, вл44 ст3;hramnapoime.ru;55.763 37.478;church
Церковь Святых Космы и Дамиана Римских в Старых Панех;+7 (495) 624-42-82;;Старопанский переулок, 4 ст2;kdn.dscloud.mobi;55.756 37.626;church
Храм Покрова пресвятой Богородицы при ФСБ России;+7 (495) 628-40-74;;улица Большая Лубянка, 20 ст2;pokrovsreten.moseparh.ru;55.764 37.629;church
Храм трех святителей на Кулишках;+7 (495) 917-78-37;;Малый Трёхсвятительский переулок, 4/6 ст5;trisvyat.orthodoxy.ru;55.754 37.645;church
Евангелическо-лютеранский Храм Святой троицы;;+7 (926) 182-72-82, +7 (926) 120-72-19;Наличная, 1 ст1;moskva.drevolife.ru;55.767 37.710;church
Храм Святого Преподобного Александра Свирского;;+7 (985) 619-91-00, +7 (903) 774-73-89;Гаражная ул., вл3, Москва;храм-александра-свирского.рф;55.760 37.745;church
Церковь Успения Пресвятой Богородицы в Троице-Лыкове;+7 (495) 942-83-01;;Одинцовская ул., 24, Москва;pokrov-monastir.ru;55.790 37.405;church
Православный Храм Святой Великомученицы Ирины в Покровском;+7 (499) 261-75-40;+7 (925) 006-16-11;ул. Фридриха Энгельса, 38, Москва;hramirini.ru , храм-ирины.рф;55.775 37.688;church
Храм Святой Троицы при детской городской клинической больнице им. Святого равноапостольного князя Владимира;;+7 (968) 836-11-50;Рубцовско-Дворцовая, 1;;55.788 37.695;church
Храм Царственных Мучеников и Страстотерпцев в Южном Измайлово, Подворье Патриарха Московского и Всея Руси;;+7 (967) 272-33-77, +7 (903) 116-02-31;шоссе Энтузиастов, вл57а;tsarstvenny-hram.ru , царственныйхрам.рф;55.775 37.831;church
Храм Святых Мучениц Веры, Надежды, Любови и Софии на Миусском кладбище;+7 (495) 618-82-51, +7 (495) 689-63-59, +7 (528) 056-90-00, +7 (495) 656-29-10;+7 (915) 025-51-70;ул. Сущёвский Вал, 21, стр. 1, Москва;вера-надежда.рф , st-vera.moseparh.ru , troitseparaskevo.ru , troitse-paraskevo.ru;55.794 37.598;church
Православный храм в честь Апостола и Евангелиста Иоана Богослова;;+7 (903) 682-23-86, +7 (968) 007-69-23, +7 (968) 578-37-43;15-я Парковая улица, 28а;hramsvelisaveta.moseparh.ru;55.802 37.819;church
Патриаршее Подворье при Храме Святого Апостола Андрея Первозванного в Метрогородке;;+7 (985) 995-76-75, +7 (903) 753-40-27;Открытое ш., вл31, Москва;;55.829 37.766;church
Храм Преподобного Сергия Радонежского в Гольяново;;+7 (926) 715-98-05, +7 (926) 546-81-44, +7 (926) 264-76-88, +7 (960) 157-44-52, +7 (906) 763-25-64, +7 (985) 146-21-74, +7 (916) 318-22-49;Красноярская улица, вл11;храмсергиявгольяново.рф;55.824 37.833;church
Храм Преподобного Сергия Радонежского в Тушине;;+7 (916) 741-95-21;ул. Василия Петушкова, 4, Москва;sergiy-tushino.ru;55.836 37.406;church
Храм Святого Царя-мученика Николая II и всех новомучеников и исповедников российских;+7 (495) 450-59-18;;Головинское ш., 13А, Москва;st-rexnikolas.ru , rpac.ru , st-rexnikolas.com , st-rexnikolas.narod.ru;55.839 37.502;church
Церковь святого праведного Алексия, пресвитера Московского в Бескудникове;;+7 (917) 547-83-09, +7 (915) 219-04-13;3-й Нижнелихоборский пр., вл1, Москва;prav-alexey.ru;55.846 37.560;church
Храм Кирилла и Марии Радонежских;;+7 (916) 795-53-97;Вилиса Лациса, 2 ст7;кирилл-мария-тушино.москва , kosma-idamian-tushino.ru;55.866 37.432;church
Храм священномученика Владимира, митрополита Киевского и Галицкого в Свиблове;+7 (499) 186-94-47;+7 (916) 357-44-49;Новый Берингов проезд, 1 к1;troitsasviblovo.ru;55.857 37.658;church
Церковь Собора Московских святых;+7 (495) 105-57-01, +7 (499) 206-01-64;;Костромская ул., 7, Москва;bibirevo.moseparh.ru;55.887 37.599;church
Храм-часовня иконы Пресвятой Богородицы Утоли моя печали в Медведково;;+7 (903) 012-11-48;Широкая ул., 14, Москва;moja-pechali.moseparh.ru;55.887 37.661;church
Храм-часовня в честь Иверской иконы Божией Матери;;+7 (925) 644-48-74;улица Стартовая, вл6 ст1;sobor-nm.ru;55.889 37.698;church
Храм святых бессребреников и чудотворцев Космы и Дамиана в Космодемьянском;+7 (495) 572-36-28;+7 (991) 246-30-89, +7 (916) 474-15-83;Правобережная ул., 6, Москва;kosmaidamian.ru;55.880 37.455;church
Храм Великомученика и целителя Пантелеймона;+7 (499) 724-94-68;+7 (916) 354-12-57, +7 (916) 829-69-13;Остафьевская ул., 44, Москва;hram-vlad-butovo.ru , luchangela.ru;55.532 37.499;church
Храм Рождества Христова в Черневе;+7 (495) 714-69-45;;Черневская, ст1 к1;hrambutovo.ru;55.538 37.525;church
Храм Архангела Михаила, с. Летово;+7 (495) 817-74-94;+7 (977) 150-87-11;деревня Летово, 1 ст1;letovochurch.ru , old.letovochurch.ru;55.564 37.408;church
Храм Преображения Господня, пос. Коммунарка;+7 (495) 817-21-62;;посёлок Коммунарка, 22а;храмкоммунарка.рф;55.570 37.474;church
Воскресная учебно-воспитательная группа храма Илии пророка в Северном Бутово;;+7 (925) 007-19-77;Куликовская, 16а ст1;prorokiliya.ru;55.570 37.563;church
Храм Святителя Николая Мирликийского Чудотворца в Бирюлёво;+7 (495) 383-50-49, +7 (495) 383-75-01;;Булатниковский пр., 8А, Москва;st-nikolas.ru;55.590 37.652;church
Храм Входа Господня в Иерусалим в Бирюлёво;+7 (495) 669-44-71, +7 (495) 740-94-60;;Михневский пр., 2, Москва;храм-бирюлево.рф;55.579 37.667;church
Храм Святых Царственных Страстотерпцев в Ясеневе;;+7 (916) 524-88-77;Ясногорская улица, вл22;hramstrastoterpcy.ru;55.600 37.530;church
Церковь Веры, Надежды, Любови и матери их Софии в Чертанове;;+7 (967) 265-42-90, +7 (965) 342-82-42;ул. Подольских Курсантов, вл7, Москва;hram-vnls.ru , hram-muchenits.moseparh.ru;55.608 37.623;church
Достойно Есть, храм в честь иконы Божьей Матери;;+7 (925) 376-95-82, +7 (903) 255-89-49, +7 (925) 025-18-82;6-я Радиальная улица, 24Б;dostoyno-est.ru;55.609 37.652;church
Храм иконы Божией Матери Троеручица;+7 (495) 641-05-04;;Каширское шоссе, вл63 ст2;troeruchitsa.ru , old.troeruchitsa.ru;55.606 37.721;church
Храм Святой Живоначальной Троицы в пос. Мосрентген;+7 (495) 727-23-33;;посёлок Завода Мосрентген, 1;hram-mosrentgen.ru;55.615 37.476;church
Храм великомученицы Анастасии Узорешительницы в Теплом Стане;+7 (495) 424-11-98;+7 (965) 179-62-76;Тёплый Стан, вл2;stanastasia.ru;55.626 37.489;church
Храм Казанской Иконы Божией Матери в Узком;+7 (495) 427-09-90;;Профсоюзная ул., 123Б, Москва;uzkoe.narod.ru , hram-uzkoe.ru;55.622 37.537;church
Храм Покрова Пресвятой Богородицы в Ясеневе;+7 (495) 425-28-81;+7 (967) 025-98-53, +7 (916) 378-06-31, +7 (926) 457-03-80;Литовский бульвар, 7а;hrampokrov.ru;55.615 37.540;church
Храм Архистратига Божия Михаила в Царицыно;;+7 (903) 015-05-18, +7 (968) 836-82-73;Луганская улица, вл9Б;arh-mihail.ru;55.623 37.671;church
Храм Троицы Живоначальной в Орехово-Борисово;+7 (495) 393-91-14, +7 (495) 343-68-87;;Каширское ш., 61А, Москва;1000let.ru;55.627 37.712;church
Храм преподобного Сергия Радонежского в Солнцево;+7 (495) 203-38-60, +7 (495) 735-07-12;+7 (905) 586-19-01, +7 (965) 182-76-50, +7 (917) 597-46-97, +7 (965) 183-18-84;ул. Богданова, 21, Москва;hram-solncevo.ru , храм-солнцево.рф;55.651 37.392;church
Церковь Казанской иконы Божией Матери в Теплом Стане;+7 (495) 971-77-21;+7 (903) 670-70-31, +7 (963) 770-13-10, +7 (905) 500-30-43;ул. Островитянова, вл2А, Москва;kaz-hram.ru;55.648 37.484;church
Храм Живоначальной Троицы в Конькове;+7 (495) 335-17-76;+7 (916) 393-40-21, +7 (977) 423-17-78;Профсоюзная ул., 116, Москва;trinitykonkovo.ru;55.638 37.519;church
Храм в честь Иконы Божией Матери Умягчение злых сердец в Конькове;;+7 (925) 487-27-18, +7 (916) 590-71-82;Профсоюзная ул., вл67, Москва;умягчение-злых-сердец.рф;55.650 37.535;church
Храм апостола Фомы;+7 (499) 398-02-64;+7 (925) 704-23-30, +7 (926) 430-33-27;ул. Колобашкина, 1, Москва;daniilhram.ru , daniilcenter.ru;55.643 37.654;church
Храм Иконы Божией Матери Утоли моя печали в Марьино;+7 (499) 784-88-60;;Марьинский бульвар, 2;v-marino.moseparh.ru;55.648 37.747;church
Храм Рождества Пресвятой Богородицы в Капотне;;+7 (916) 555-91-98;1-й Капотнинский пр., 10, Москва;hramvkapotne.ru;55.639 37.792;church
Храм Рождества Пресвятой Богородицы в Говорово;;+7 (916) 818-40-60;деревня Говорово, 1 ст1;hram-govorovo.ru;55.655 37.435;church
Храм Преображения Господня в Старом Беляеве;+7 (495) 735-00-10;+7 (915) 366-31-95, +7 (916) 382-85-56, +7 (925) 546-08-74, +7 (916) 836-54-30, +7 (910) 471-36-51, +7 (916) 695-46-56, +7 (916) 874-38-09, +7 (968) 652-72-28, +7 (905) 648-08-64, +7 (916) 877-45-42;ул. Академика Челомея, вл3Б, Москва;svetfavora-mera.ru , svetfavora.ru , svetfavora.wix.com/y-samovara;55.658 37.523;church
Храм преподобного Иосифа Волоцкого в Старом Беляеве;;+7 (929) 991-93-73;Академика Челомея, 3Б;svetfavora.ru;55.659 37.525;church
Храм Святых Праведных Симеона Богоприимца и Анны пророчицы;;+7 (929) 637-84-20;Матушкина, 32а;hramsimeona.ru;55.663 37.565;church
Храм благоверных князей святых Бориса и Глеба в Зюзино;+7 (499) 122-84-10, +7 (499) 723-88-15, +7 (499) 723-91-29;+7 (909) 676-19-05;Перекопская ул., 7, Москва;h-bg.ru;55.659 37.580;church
Храм иконы Божией Матери Отрада и Утешение на Каховке;;+7 (963) 770-33-70;Севастопольская площадь, 1;otrada-nam.ru;55.653 37.598;church
Храм в честь святых мучеников Анатолия и Протолеона;;+7 (916) 350-03-28, +7 (963) 771-42-40;Братиславская, вл2;maip.moseparh.ru;55.661 37.758;church
Церковь Луки архиепископа Крымского;;+7 (926) 163-98-46, +7 (917) 557-57-39;улица Верхние Поля, вл1;voskresenye-den.moseparh.ru;55.667 37.768;church
Храм святых Жен-Мироносиц в Марьино;;+7 (985) 452-08-82;Белореченская, 30 ст1;hram-mir.ru;55.663 37.772;church
Временный храм святых благоверных Петра и Февронии Муромских;;+7 (968) 784-11-14, +7 (916) 927-00-21, +7 (926) 437-65-15;ул. Марьинский Парк, 2Б, Москва;;55.652 37.778;church
Храм Казанской иконы Божией Матери, г. Москва;;+7 (967) 162-66-13, +7 (965) 162-66-13;Воскресенская, 1/37 ст1;mesherahram.ru;55.676 37.409;church
Храм Иконы Божией Матери Неопалимая Купина;;+7 (905) 775-99-77, +7 (985) 203-98-94;Мичуринский проспект, вл1;hram-kupina.ru;55.675 37.459;church
Храм святых равноапостольных Кирилла и Мефодия, МГУ им. М.В. Ломоносова;+7 (499) 391-67-77;;проспект Вернадского, 10 ст2;hram-mgu.ru;55.689 37.521;church
Храм Всех Преподобных Отцев Киево-Печерских в Старых Черемушках;+7 (499) 398-21-14;;улица Кржижановского, вл22 ст1;lavravcheremushkah.ru;55.678 37.575;church
Воскресная школа, Храм Живоначальной Троицы в Старых Черемушках;+7 (499) 123-81-37, +7 (499) 123-64-00, +7 (499) 176-08-22;+7 (917) 517-01-06, +7 (965) 309-17-34, +7 (968) 867-93-50;Шверника, 17 к1 ст2;hramvcheremushkah.ru;55.691 37.594;church
Храм преподобного Алексия, человека Божия, в Садовниках;;+7 (926) 698-88-87;Садовники, 4Б ст1;alekseevskay.moseparh.ru;55.677 37.652;church
Храмовый комплекс Святого Апостола Андрея Первозванного в Люблино;+7 (495) 665-04-47;;Ставропольская улица, вл25;hram-lublino.ru;55.684 37.763;church
Храм Преподобного Саввы Освященного;;+7 (925) 037-00-31;Тихорецкий бульвар, 1Б;savva-lublino.ru , савва-освященный.москва;55.680 37.779;church
Храм святого мученика Андрея Стратилата;;+7 (929) 500-55-25;улица Маршала Кожедуба, вл14;stratilat.moseparh.ru;55.673 37.789;church
Церковь Николая Чудотворца в Троекурове;+7 (499) 792-77-19;;Рябиновая ул., 24А, Москва;troekurovo.moseparh.ru;55.703 37.411;church
Храм Спаса Нерукотворного Образа на Сетуни;+7 (495) 440-68-35;;Рябиновая улица, 18;spas-setun.ru;55.710 37.419;church
Храм священномученика Игнатия Богоносца;;+7 (916) 717-72-27;Верейская ул., вл11, Москва;bogonosec.ru;55.710 37.449;church
Храм Воскресения Словущего в Даниловской Слободе;+7 (495) 952-02-01;+7 (985) 391-30-19;Средний Староданиловский переулок, 3 ст1;hramvs.ru;55.710 37.630;church
Храм Серафима Саровского в Даниловском монастыре;+7 (499) 764-78-47, +7 (499) 764-78-25, +7 (495) 952-72-41, +7 (495) 952-34-08, +7 (495) 955-67-90, +7 (495) 955-63-52, +7 (495) 954-15-16, +7 (495) 955-67-07;+7 (926) 128-45-25, +7 (926) 927-21-28, +7 (926) 436-01-35, +7 (958) 802-92-24, +7 (916) 316-35-57, +7 (985) 228-32-76;Даниловский Вал улица, 22 ст4;msdm.ru;55.711 37.630;church
Храм Рождества Пресвятой Богородицы в Старом Симонове;+7 (495) 488-70-11, +7 (495) 675-70-11;;Восточная, 6 ст1;starosimonovo.ru , starosimonovo.rop.ru;55.711 37.654;church
Храм Святого Благоверного Князя Андрея Боголюбского на Волжском;;+7 (985) 166-98-00, +7 (915) 356-19-56, +7 (926) 566-15-84, +7 (969) 235-10-00;Волгоградский просп., 85, Москва;standrews-hram.moseparh.ru;55.709 37.747;church
Храм Святого Равноапостольного Великого князя Владимира;;+7 (915) 482-02-82;улица Маршала Чуйкова, вл30;hramvladimira.moseparh.ru;55.695 37.759;church
Храм Курской-Коренной иконы Божией Матери;;+7 (916) 077-05-29, +7 (916) 090-08-40;улица Фёдора Полетаева, вл15;курская-коренная.москва;55.709 37.781;church
Храм Покрова Пресвятой Богородицы;;+7 (916) 116-95-40;Самаркандский бульвар, вл25;paisios.ru;55.702 37.824;church
Храм Покрова Пресвятой Богородицы на Люберецких полях;;+7 (980) 011-82-23;проспект Защитников Москвы, вл15а;omofor.com;55.705 37.927;church
Храм Смоленской иконы Божией Матери;+7 (499) 713-75-75;;Давыдковская, вл12;smolenskaya-fili.ru;55.720 37.468;church
Часовня в честь святой равноапостольной Марии Магдалины на Сетуни;;+7 (916) 708-05-00, +7 (915) 112-54-16;2-й Сетуньский пр., вл9, Москва;mariyamagdalina.cerkov.ru;55.731 37.534;church
Церковь Усекновения Главы Иоанна Предтечи у Новодевичьего монастыря;;+7 (916) 114-14-69;площадь Новодевичьего Монастыря, 1;novodev.msk.ru;55.726 37.559;church
Церковь Иосифа Волоцкого при Издательском Совете РПЦ;+7 (495) 545-58-11;;Погодинская, 18/1 ст2;izdatsovet.ru;55.730 37.562;church
Церковь Положения Ризы Господней;+7 (499) 236-24-00, +7 (495) 237-77-65;;Донская ул., 20, Москва;riza1625.ru , donblago.ru;55.720 37.604;church
Храм Живоначальной Троицы на Шаболовке;+7 (499) 236-87-02, +7 (499) 236-30-02;;Шаболовка, 21 ст1;hram-na-shabolovke.ru;55.723 37.611;church
Храм Казанской иконы Божией Матери на Калужской площади;+7 (495) 667-06-80;+7 (916) 512-11-28;Житная ул., 18, Москва;zhitnaya-hram.ru;55.731 37.613;church
Храм Вознесения Господня за Серпуховскими воротами;+7 (499) 236-81-27, +7 (499) 236-60-60;;Большая Серпуховская улица, 24/21а ст1;voznesenie.ru , pobeda.ru;55.726 37.623;church
Церковь Троицы Живоначальной в Кожевниках;+7 (499) 235-17-81;;2-й Кожевнический пер., 6, Москва;hram-kozhevniki.ru , kozhevniki.cerkov.ru;55.727 37.648;church
Святая Апостольская Соборная Ассирийская Церковь Востока;+7 (495) 363-98-78;;Шарикоподшипниковская ул., 14, Москва;acoe.ru;55.719 37.674;church
Церковь Успения Пресвятой Богородицы в Вешняках;+7 (499) 374-50-58;+7 (968) 581-42-15, +7 (905) 533-01-89;ул. Юности, 17, Москва;hram-veshnjaki.ru;55.724 37.798;church
Храм святителя Димитрия, митрополита Ростовского;;+7 (926) 616-04-95;ул. Вострухина, вл9, Москва;svtdimitriy.ru;55.721 37.800;church
Храм Преподобного Серафима Саровского в Кожухово;;+7 (963) 635-40-94, +7 (916) 517-82-94, +7 (968) 671-57-17, +7 (903) 668-41-22;1-й Красковский проезд, 38а;kozhuhovo-hram.ru , kozhukhovo.cerkov.ru;55.716 37.908;church
Церковь святого праведного Иоанна Русского;+7 (499) 149-52-34;+7 (916) 151-56-32;Ярцевская ул., вл1А, Москва;ioannrus.ru;55.735 37.406;church
Храм Великомученика Георгия Победоносца Патриаршее подворье на Поклонной Горе;+7 (499) 148-22-35, +7 (499) 142-08-86;;площадь Победы, 3Б, Москва;altaryvic.ru;55.732 37.512;church
Церковь-часовня Архангела Михаила близ Кутузовской избе;+7 (499) 148-35-35, +7 (499) 148-25-87;;Кутузовский пр., 3, Москва;altaryvic.ru;55.740 37.524;church
Храм Воздвижения Креста Господня на Чистом Вражке;+7 (499) 248-44-36;+7 (999) 857-93-19, +7 (926) 563-15-12;1-й переулок Тружеников, 8;hramkresta.ru;55.739 37.574;church
Храм Спаса Преображения Господня на Песках;+7 (499) 241-14-86, +7 (499) 241-38-69, +7 (499) 241-62-03;+7 (916) 171-33-88;Спасопесковский пер., 4А, Москва;spas-na-peskah.prihod.ru;55.749 37.588;church
Храм Святителя Николая в Хамовниках;+7 (499) 246-27-19, +7 (499) 246-72-08;+7 (925) 910-20-17, +7 (925) 022-75-53;улица Тимура Фрунзе, 1/2 ст1;nikola-khamovniki.ru;55.732 37.591;church
Храм Воскресения Словущего на Арбате, Подворье Иерусалимского Патриархата;+7 (495) 690-57-01;;Филипповский пер., 20, Москва;vosslov.ru;55.750 37.599;church
Храм Святого Пророка Божия Илии;+7 (495) 966-18-56, +7 (499) 766-91-51, +7 (495) 695-28-79;+7 (916) 034-82-93;2-й Обыденский переулок, 6/3 ст1;hram-ostozhenka.ru;55.742 37.604;church
Храм Священномученика Антипы на Колымажном дворе;+7 (495) 691-61-90, +7 (495) 691-61-85;+7 (929) 674-36-09;Колымажный переулок, 8/4 ст1;hramantipa.ru;55.748 37.605;church
Церковь Николая Чудотворца в Старом Ваганькове;+7 (495) 697-22-09;;Староваганьковский пер., 14, Москва;s-nikola.ru;55.750 37.608;church
Церковь Николая Чудотворца на Берсеневке в Верхних Садовниках;+7 (495) 959-08-62, +7 (495) 959-09-30;;Берсеневская набережная, 18-20-22 ст2;bersenevka.info;55.744 37.611;church
Храм Софии Премудрости Божией в Средних Садовниках;+7 (495) 953-64-77, +7 (495) 953-69-73, +7 (495) 951-78-33;+7 (915) 159-91-97, +7 (916) 631-65-38, +7 (963) 771-61-39, +7 (916) 389-00-10, +7 (977) 857-09-49, +7 (926) 535-88-72;Софийская набережная, 32 ст14;hram-sofia.ru;55.748 37.622;church
Церковь Воскресения Христова в Кадашах;+7 (495) 953-13-19, +7 (495) 953-22-91;+7 (926) 212-54-27;2-й Кадашёвский пер., 7, Москва;kadashi.ru , vkadashah.livejournal.com;55.743 37.622;church
Храм Святой Великомученицы Екатерины на Всполье;+7 (495) 959-12-88;+7 (926) 252-73-03;Большая Ордынка, 60/2 ст4;ocapodvorie.org;55.733 37.624;church
Церковь иконы Божией Матери Всех скорбящих Радость на Большой Ордынке;+7 (495) 951-52-20;;ул. Большая Ордынка, 20, стр. 10, Москва;ordynka.com;55.742 37.624;church
Храм Иверской Иконы Божией Матери на Всполье;+7 (495) 959-17-56, +7 (495) 959-17-57;;ул. Большая Ордынка, 39, Москва;vratarnica.ru;55.736 37.625;church
Храм Святителя Николая Мирликийского в Пыжах;+7 (495) 951-37-42;;Большая Ордынка, 27а/8 ст1;vpyzhax.ru;55.739 37.625;church
Церковь Усекновения Главы Иоанна Предтечи под Бором;+7 (495) 721-80-23, +7 (495) 953-88-71;;Черниговский переулок, 4;doctorantura.ru;55.745 37.626;church
Храм Троицы Живоначальной в Вишняках;+7 (495) 951-88-41, +7 (495) 951-61-41;;Пятницкая ул., 51, стр. 4, Москва;nikvkuz.ru , vishnyaky.moseparh.ru;55.736 37.628;church
Церковь Архангела Михаила в Овчинниках;+7 (495) 777-02-53;;Средний Овчинниковский пер., 7, Москва;ovchinniki.ru;55.745 37.633;church
Храм Святителя Николая в Заяицком;;+7 (903) 779-83-47;2-й Раушский переулок, 1/3 к26 ст28;svnikolahram.ru;55.747 37.635;church
Храм Преподобного Симеона Столпника за Яузой;+7 (499) 764-90-54, +7 (495) 915-37-00;;Николоямская улица, 10-12 ст8;simeonstolpnik.moseparh.ru;55.747 37.650;church
Храм Успения Пресвятой Богородицы в Гончарах;+7 (495) 915-62-88;+7 (915) 135-76-37;улица Гончарная, 29/7 ст1;bolgarskoe-podvorie.com;55.742 37.650;church
Храм Святителя Мартина Исповедника в Алексеевской Новой Слободе;+7 (495) 911-75-40;;Александра Солженицына, 15;st-martin.moseparh.ru;55.744 37.660;church
Храм Преподобного Сергия Радонежского в Рогожской Слободе;+7 (495) 912-14-90;;Николоямская ул., 59, Москва;sergyradoneg.ru , sergeyradoneg.com;55.747 37.668;church
Храм Димитрия Донского близ Спасо-Андроникова монастыря;+7 (495) 911-45-02, +7 (495) 671-03-72;;Андроньевская площадь, 10Б;andronikov-monastery.moscow , spaso-andronikovmon.ru;55.749 37.672;church
Храм Святителя Николая Чудотворца арх. Мирликийского;;+7 (966) 320-10-65;Золоторожский Вал улица, 22д;pglef.ru;55.751 37.684;church
Храм Святителя Николая Мирликийского на Рогожском кладбище;;+7 (985) 312-50-58;улица Рогожский Посёлок, 1а/29 ст1;nikolanarogozhke.ru;55.740 37.702;church
Храм Введения во храм Пресвятой Богородицы в Вешняках;;+7 (977) 337-33-31, +7 (977) 502-70-44, +7 (916) 080-99-50, +7 (903) 181-55-00;Кетчерская ул., 2Б, Москва;vvedenie.msk.ru;55.743 37.817;church
Подворье Патриарха Московского и всея Руси при храме Собора новомучеников и исповедников Российских в Новокосино;;+7 (926) 754-25-17;улица Салтыковская, вл39;nmnovokosino.moseparh.ru;55.742 37.880;church
Храм Воскресения Словущего на Ваганьковском Кладбище;+7 (499) 253-87-56, +7 (499) 253-52-47, +7 (499) 255-06-22, +7 (495) 255-06-70;+7 (916) 425-86-98;улица Сергея Макеева, 15 ст1;vagankovo.net;55.768 37.553;church
Церковь Сурб Арутюн;+7 (499) 255-50-19;;улица Сергея Макеева, 10 ст1;armenianchurch.ru;55.766 37.555;church
Храм святителя Николая Мирликийского на Трех горах;+7 (499) 255-05-54;;Нововаганьковский переулок, 9 ст1;hramtrigory.ru;55.759 37.567;church
Приход Непорочного Зачатия Пресвятой Девы Марии Римской-Католической Церкви в г. Москве;+7 (495) 252-40-51, +7 (499) 252-39-11;;Малая Грузинская, 27/13;catedra.ru;55.767 37.572;church
Церковь Рождества Иоанна Предтечи на Пресне;+7 (499) 255-65-72;;Малый Предтеченский пер., 2, Москва;ioannpr.ru;55.759 37.572;church
Храм Александра Невского при Комиссаровском училище;;+7 (963) 771-88-49;Благовещенский переулок, 1а;a-nevsky.moseparh.ru;55.767 37.598;church
Храм святого апостола и евангелиста Иоанна Богослова на Бронной;+7 (495) 697-98-20;+7 (903) 730-61-21, +7 (906) 083-76-36, +7 (977) 354-08-07, +7 (916) 066-89-14;Богословский переулок, 4 ст2;bogoslovnabronnoy.ru;55.762 37.601;church
Воскресная школа, Храм Воскресения Словущего на Успенском Вражке;+7 (495) 629-66-16;;Брюсов переулок, 15/2 ст3;vslov.ru;55.759 37.607;church
Храм Успения Пресвятой Богородицы в Путинках;+7 (495) 699-09-56;;Успенский пер., 4, стр. 5, Москва;putinki.uspenie.com , uspenie.com;55.769 37.607;church
Церковь Успения Пресвятой Богородицы на Успенском вражке;+7 (495) 692-05-64, +7 (495) 692-05-63;;Газетный пер., 15, Москва;uspenie.ru;55.759 37.610;church
Воскресная школа, Храм Святых Бессребреников Космы и Дамиана в Шубине;+7 (495) 629-41-04, +7 (495) 629-52-62;;переулок Столешников, 2-4 ст6;club.damian.ru;55.762 37.611;church
Церковная лавка, Домовый Храм Мученицы Татианы;+7 (495) 629-60-67, +7 (495) 629-46-12;;улица Большая Никитская, 1;st-tatiana.ru;55.755 37.612;church
Спасский собор Заиконоспасского Монастыря;+7 (495) 698-11-37;;улица Никольская, 7-9 ст3;zspm.ru;55.756 37.621;church
Храм Успения Пресвятой Богородицы на Чижевском подворье;+7 (495) 623-36-48;;улица Никольская, 8/1 ст3;храм-чижевское.рф;55.757 37.624;church
Храм священномученика Евгения Херсонского, Богородице-Рождественский ставропигиальный женский монастырь;+7 (495) 621-39-86;;улица Рождественка, 20/8 ст16;mbrsm.ru;55.766 37.624;church
Храм пророка Божия Илии на Новгородском подворье;+7 (495) 624-76-53, +7 (495) 621-81-70;;Новослободская, 58;hramilias.ru;55.789 37.592;church
Храм святого Иоанна Богослова под Вязом;;+7 (929) 987-22-95;Новая площадь, 12 ст2;подвязом.рф;55.757 37.628;church
Церковь Георгия Победоносца на Псковской Горке;+7 (495) 698-38-72, +7 (495) 698-33-98;;ул. Варварка, 12, Москва;zaryadie.ru;55.753 37.631;church
Церковь святителя Николая Чудотворца в Кленниках;+7 (495) 621-31-49;+7 (903) 258-21-31;ул. Маросейка, 5, стр. 2, Москва;klenniki.ru;55.758 37.632;church
Храм Всех Святых на Кулишках;+7 (495) 623-47-57, +7 (495) 623-51-91, +7 (495) 623-75-66;;Славянская площадь, 2;hramkulishki.ru;55.754 37.634;church
Храм Космы и Дамиана на Маросейке;+7 (495) 622-39-78;;улица Маросейка, 14/2 ст3;hram-kosmadamian.ru;55.758 37.638;church
Храм Рождества Пресвятой Богородицы на Кулишках г. Москвы;+7 (499) 625-53-27;+7 (926) 676-61-73, +7 (916) 311-33-33;улица Солянка, 5/2 ст4;ironarguan.ru;55.753 37.640;church
Храм Николая Чудотворца в Подкопаях;+7 (495) 624-97-72;;Подкопаевский переулок, 15/9 ст5;hram-podkopai.ru;55.753 37.641;church
Храм Введения во храм Пресвятой Богородицы в Барашах;+7 (495) 917-78-14;;Барашёвский переулок, 8/2 ст4;vvedenievbarashah.ru;55.759 37.650;church
Храм Святых Первоверховных Апостолов Петра и Павла в Новой Басманной Слободе;+7 (499) 261-66-54;+7 (929) 594-95-65;Новая Басманная улица, 11/6-4/3 ст4;petraipavla-hram.ru;55.770 37.656;church
Храм Святого Великомученика Никиты на Старой Басманной;+7 (499) 261-33-88, +7 (499) 267-55-49;;Старая Басманная ул., 16/1, Москва;svnikity-bogoyav.moseparh.ru;55.766 37.662;church
Церковь Введения во храм Пресвятой Богородицы у Салтыкова моста;+7 (495) 362-46-69;;Самокатная, 3/8 ст17;hramyauza.ru;55.757 37.680;church
Церковная лавка, Храм иконы Божией Матери Взыскание погибших в Перово;;+7 (901) 591-42-46;ш. Энтузиастов, вл44, Москва;hramvp.ru;55.758 37.753;church
Храм Спаса Нерукотворного Образа в Перово г. Москвы, г. Москва;+7 (495) 301-15-59;+7 (968) 620-81-72, +7 (977) 144-01-23;Свободный проспект, 4а ст1;spasperovo.ru;55.757 37.814;church
Храм Святого благоверного князя Александра Невского в Хорошево-Мневниках, Подворье Иосифа-Волоцкого монастыря;;+7 (903) 660-30-40;Мнёвники, вл12;nevskymnevniki.ru;55.773 37.490;church
Храм Живоначальной Троицы при бывшей Черкасской Богадельне;+7 (495) 656-46-63;;Ленинградский проспект, 16а ст1;hram-troiza.ru;55.782 37.577;church
Храм Тихвинской иконы Божией Матери в Сущёве;+7 (499) 978-24-97;+7 (968) 385-04-09;Тихвинский переулок, 13а;tihvinka13.ru;55.788 37.599;church
Храм Живоначальной Троицы, Московское Подворье Свято-Троицкой Сергиевой Лавры;+7 (495) 681-35-58, +7 (495) 681-60-20, +7 (495) 631-02-56, +7 (495) 684-40-71, +7 (495) 684-73-44;;2-й Троицкий переулок, 8/10 ст5;blagoslovenie.su;55.776 37.621;church
Храм иконы Божией Матери Всех Скорбящих Радость;+7 (495) 688-87-42, +7 (495) 688-39-77;;Щепкина, 61/2 ст25;scorbi.net;55.785 37.629;church
Храм святителя Филиппа Митрополита Московского в Мещанской Слободе;+7 (495) 681-25-49;;ул. Гиляровского, 35, Москва;st-philipp-church.prihod.ru;55.781 37.631;church
Храм Воскресения Христова при Шереметьевском Странноприимном доме;+7 (495) 620-12-12;+7 (985) 814-47-62, +7 (929) 008-46-58, +7 (999) 818-24-68;Большая Сухаревская площадь, 3 ст11;sheremetev-st-trinity.ru;55.774 37.634;church
Храм Воскресения Христова в Сокольниках;+7 (499) 268-54-10;+7 (926) 940-86-08, +7 (926) 762-72-00, +7 (925) 268-54-10;Сокольническая площадь, 6, Москва;xbxc.ru;55.791 37.677;church
Храм Благовещения Пресвятой Богородицы в Сокольниках;+7 (499) 713-27-99;+7 (963) 772-56-57, +7 (963) 770-09-08;ул. Матросская Тишина, 9, Москва;vdvhram.ru;55.785 37.689;church
Храм Святителя Николая Мирликийского в Покровском;+7 (499) 267-86-75;+7 (963) 771-29-04, +7 (985) 825-49-48;Бакунинская ул., 100, стр. 6, Москва;nikolopokrov.ru;55.780 37.695;church
Храм во имя святого благоверного великого князя Димитрия Донского;;+7 (985) 445-76-27, +7 (916) 165-79-72, +7 (916) 408-18-85;Твардовского, вл1;omonhram.ru;55.797 37.384;church
Церковная лавка храма cвятителя Николая Мирликийского;;+7 (916) 752-06-02, +7 (916) 310-77-87;Авиационная улица, вл30 ст2;nikola-schukino.moseparh.ru;55.810 37.463;church
Храм Благовещения Пресвятой Богородицы в Петровском парке;+7 (495) 614-95-70;;Красноармейская ул., 2А, Москва;blagodrevo.com;55.796 37.553;church
Храм Рождества Пресвятой Богородицы в Бутырской слободе;+7 (495) 685-09-40, +7 (499) 753-16-24;+7 (963) 770-28-69, +7 (926) 014-42-62;Бутырская улица, 56а;butyr-sloboda.moseparh.ru;55.801 37.585;church
Храм Рождества Иоанна Предтечи в Сокольниках;+7 (495) 987-20-31;+7 (916) 558-49-19;Колодезный переулок, 2а ст10;podvorie-sokolniki.ru;55.799 37.694;church
Храм Преображения Господня на Преображенской площади;;+7 (963) 771-33-19, +7 (963) 772-38-43, +7 (963) 772-98-36, +7 (985) 248-41-67, +7 (963) 771-39-15;Преображенская площадь, 9А, Москва;hram-preobrajeniya.ru;55.796 37.711;church
Храм Сретения Господня;;+7 (926) 584-64-38, +7 (929) 526-50-56, +7 (925) 357-16-29;Монтажная улица, 8 ст2а;hramilii.ru;55.810 37.775;church
Храм Святителя Луки Крымского;;+7 (909) 909-30-53, +7 (985) 947-97-14, +7 (964) 798-27-61;улица Генерала Белобородова, вл32;hram-vsehsvyatih.ru;55.828 37.354;church
Храм Преображения Господня в Тушине;+7 (495) 491-91-03;+7 (916) 496-33-71, +7 (925) 285-13-57, +7 (925) 460-91-04;Волоколамское ш., 128, Москва;spas-tushino.ru;55.832 37.402;church
Храм Святой Преподобномученицы Елисаветы в Покровском-Стрешневе;+7 (499) 654-04-16, +7 (499) 654-04-12;+7 (999) 980-18-82;Иваньковское шоссе, 8 ст14;obitel-st-elisaveta.ru;55.819 37.468;church
Храм Святых Царственных Страстотерпцев;;+7 (926) 883-62-12, +7 (963) 771-63-15, +7 (985) 857-63-81, +7 (926) 811-08-83, +7 (963) 771-63-11, +7 (985) 762-89-26, +7 (926) 317-26-83, +7 (926) 537-10-02;6-й Новоподмосковный переулок, вл7;tsarskiyhram.ru;55.824 37.512;church
Храм святителя митрополита Макария;;+7 (925) 532-73-02;Огородный проезд, вл25/20 ст1;;55.819 37.593;church
Храм Святой Равноапостольной княгини Ольги в Останкино;;+7 (929) 633-11-35;Новомосковская ул., 4, Москва;hram-olgi.ru;55.815 37.619;church
Церковь Тихвинской иконы Божией Матери в Алексеевском;+7 (495) 683-43-44;+7 (916) 592-75-91;просп. Мира, 130, Москва;tihvinskiy.ru;55.818 37.644;church
Храм Преображения Господня в Богородском;+7 (499) 160-66-55, +7 (499) 169-40-20;+7 (915) 230-94-19, +7 (916) 203-47-18, +7 (916) 486-23-92;Краснобогатырская ул., 17, Москва;бого.рф;55.815 37.696;church
Храм Великомученика Димитрия Солунского, п. Восточный;+7 (499) 780-56-76, +7 (499) 780-17-38;+7 (925) 780-32-16, +7 (925) 427-77-31;Главная ул., 1А, Восточный административный округ, район Восточный, Москва;dimitri.moseparh.ru;55.819 37.860;church
Церковь Всемилостивого Спаса в Митино;;+7 (926) 522-55-70, +7 (905) 557-40-04, +7 (919) 993-34-13, +7 (916) 498-79-89, +7 (916) 251-75-90, +7 (985) 149-45-38, +7 (985) 475-05-63;Пятницкое ш., 5, Москва;hramspasa.ru;55.837 37.386;church
Храм в честь священномученика Ермогена, патриарха Московского и всея Руси в Южном Тушине;;+7 (916) 820-60-71;Фабрициуса, 35а;ermogen-tushino.ru;55.843 37.428;church
Подворье Патриарха Московского и всея Руси, Храм в честь священномученика Ермогена, патриарха Московского и всея Руси в Южном Тушине;;+7 (916) 953-67-32;ул. Фабрициуса, вл33-35, Москва;ermogen-tushino.ru;55.844 37.429;church
Храмовый комплекс Пророка Илии;;+7 (917) 517-98-43;Ленинградское шоссе, вл39;xramgolovino.ru;55.835 37.484;church
Церковная лавка, Храм Иоанна Кронштадтского в Головине;+7 (499) 393-37-10;;Кронштадтский бульвар, вл24 ст2;hramgolovino.ru;55.846 37.508;church
Храм Рождества Христова в Митино;;+7 (965) 283-53-79, +7 (965) 283-53-77;1-я Муравская улица, 39 ст1;hrammitino.ru;55.861 37.367;church
Храм Святого Праведного воина Федора Ушакова на Речном вокзале;;+7 (968) 554-45-88;Ленинградское ш., вл59, Москва;hramnarechnom.ru;55.856 37.467;church
Храм двенадцати апостолов в Ховрино;+7 (499) 394-10-16;;Клинская ул., вл12-14, Москва;храм12апостолов.рф;55.869 37.495;church
Храм Иконы Божией Матери Неопалимая Купина в Отрадном;+7 (495) 789-20-86, +7 (495) 789-20-92, +7 (495) 789-20-91, +7 (495) 789-20-87;;Юрловский пр., 10А, Москва;купина.com;55.870 37.622;church
Церковь Троицы Живоначальной - Патриаршее Подворье;+7 (499) 189-20-42;+7 (916) 357-44-42, +7 (919) 721-78-40, +7 (985) 418-31-60, +7 (916) 089-23-26;Лазоревый пр., 15, стр. 3, Москва;troitsasviblovo.ru;55.853 37.632;church
Храм Благовещения Пресвятой Богородицы в Раево;+7 (107) 380-00-00, +7 (495) 470-53-45, +7 (495) 472-56-83;;Енисейская улица, 14;raevo-blago.ru;55.863 37.662;church
Храм Матроны Московской в Дмитровском;;+7 (966) 121-45-41, +7 (915) 200-75-08, +7 (909) 160-22-02, +7 (916) 467-04-64, +7 (903) 681-60-81, +7 (963) 772-26-44, +7 (925) 184-54-32, +7 (926) 020-38-01;Софьи Ковалевской, 14Б;mmatrona.ru;55.886 37.532;church
Воскресная школа, Храм блаженной Ксении Петербургской в Бескудниково;;+7 (925) 078-61-02, +7 (903) 584-39-45, +7 (925) 705-23-45, +7 (985) 237-53-99, +7 (968) 955-97-98, +7 (926) 556-35-13;Бескудниковский проезд, 4 к2/1;kseniahram.ru;55.877 37.554;church
Храм-часовня Дмитрия Донского;+7 (499) 476-69-31, +7 (499) 470-19-53;+7 (963) 772-72-70;Полярная улица, 34Б;dimitriy-donskoy.ru;55.885 37.643;church
Церковь иконы Божией Матери Отрада и Утешение на Ярославском шоссе;;+7 (985) 722-41-45;Ярославское ш., вл147, Москва;otrada-yaroslavka.ru;55.881 37.722;church
Храм Святого Благоверного Великого Князя Александра Невского в Куркино;+7 (495) 572-34-31;;Родионовская ул., 14, Москва;alexnevkurkino.moseparh.ru;55.894 37.388;church
Московская церковь евангельских христиан баптистов Голгофа;+7 (499) 908-02-19;+7 (903) 724-49-71, +7 (916) 504-86-72;ул. Лескова, 11, Москва;golgotha.ru;55.899 37.603;church
Церковь иконы Божией Матери Знамение в Кунцеве;+7 (499) 144-25-20;+7 (967) 482-89-16;Большая Филёвская ул., 65, Москва;hramvkuntsevo.ru;55.738 37.463;church
Кафедральный собор святых Петра и Павла Евангелическая лютеранская церковь;+7 (495) 628-53-36, +7 (495) 628-87-62;;Старосадский переулок, 7/10 ст6;lutherancathedral.ru , elkras.ru;55.757 37.640;church
Николо-Перервинский монастырь, Церковь апостола Иоанна Богослова;+7 (495) 354-49-65, +7 (495) 354-15-83, +7 (495) 353-47-97, +7 (495) 353-46-89, +7 (495) 354-44-95;+7 (925) 865-59-92;Шоссейная ул., 82, стр. 1, Москва;ppds.ru , перервинский-монастырь.рф , pererva.org , duhovnayazabota.ru;55.669 37.719;church
Церковь Тихона, Патриарха Всероссийского;+7 (495) 700-22-09;+7 (910) 488-04-39;Большая Косинская ул., 29, стр. 1, Москва;kosino-hram.ru;55.719 37.857;church
Церковь Иконы Божией Матери Всех Скорбящих Радость, Следственный изолятор №4;+7 (499) 731-00-57, +7 (495) 587-99-80, +7 (499) 256-45-07, +7 (573) 130-48-10, +7 (499) 268-52-32, +7 (499) 268-03-60, +7 (499) 473-83-59, +7 (499) 473-40-50, +7 (499) 259-23-63, +7 (499) 473-93-40;;Вилюйская ул., 4, корп. 1, Москва;sizo-medvedkovo.ru , fsin.gov.ru;55.882 37.629;church
